Workbook

Sheet الاعدادات
A1: الصنف | B1: تصنيف الحركة
A2: اكسليرا 13/175/70 | B2: كاوتش | I2: مبيعات كاش
A3: اكسليرا 15/195/65 | B3: كاوتش | D3: مبيعات كاش | I3: مبيعات اجل
A4: NOZA ECO 15/185/65 كاوتش سومو اكينا صينى | B4: كاوتش | D4: مبيعات اجل | I4: مبيعات اجل
A5: فيتور خط ابيض 14/195 عريض | B5: كاوتش | D5: مصروفات | I5: مبيعات كاش
A6: 14/5/114 جنط سبور صينى تويوتا غاطس SLP LG20-VL | B6: كاوتش | D6: مشتريات | I6: مبيعات كاش
A7: 14/5/114 جنط سبور صينى تويوتا غاطس | B7: كاوتش | I7: مبيعات كاش
A8: فيتور خط ابيض 14/195 كنزة | B8: كاوتش | I8: مبيعات كاش
A9: طقم جانط 5 خرم ملاكى 15 | B9: كاوتش | I9: مبيعات كاش
A10: فيتور خط ابيض 13/185/60 GALAXY F1 | B10: كاوتش | I10: مبيعات كاش
A11: فيتور 14/195 عريض | B11: كاوتش | I11: مبيعات كاش
A12: فيتور 14/195 كنزة | B12: كاوتش | I12: مبيعات كاش
A13: طقم جانط 14 BLP LG20-VL | B13: كاوتش | I13: مبيعات كاش
A14: كاوتش توكتوك | B14: كاوتش | I14: مبيعات كاش
A15: 14/5/144 BM-657-VL جنط سبور صينى غاطس | B15: كاوتش | I15: مبيعات كاش
A16: R14(5X114) BM/657 14/5/144 BM-657-VL جنط سبور صينى تويوتا غاطس | B16: كاوتش | I16: مبيعات كاش
A17: NOZA ECO 14/185/65 كاوتش سومو اكينا صينى | B17: كاوتش | I17: مبيعات كاش
A18: بلف كتينة | B18: قطع غيار | I18: مبيعات كاش
... A143: بطارية كلورايد 70 فيلدا | B143: بطارية | I143: مبيعات كاش
I144: مبيعات كاش
I145: مبيعات كاش
I146: مبيعات كاش
I147: مبيعات كاش
I148: مبيعات كاش
I149: مبيعات كاش
I150: مبيعات كاش
I151: مبيعات كاش
I152: مبيعات كاش
I153: مبيعات كاش
I154: مبيعات كاش
I155: مبيعات كاش
... I428: مصروفات

Sheet لوحة التحكم

Sheet دفتر اليومية
K3: =SUBTOTAL(9,K6:K1048576) -> 560605 | L3: =SUBTOTAL(9,L6:L1048576) -> 370955 | M3: =SUBTOTAL(9,M6:M1048576) -> 189650
B5: التاريخ | C5: الشهر | D5: الصنف | E5: نوع الحركة | F5: تصنيف الحركة | G5: رقم الفاتورة | H5: اسم العميل / المورد | I5: الكمية | J5: سعر الوحدة | K5: الاجمالي | L5: المسدد / المحصل | M5: المتبقى | T5: نوع الحركة | U5: تصنيف الحركة | AC5: الشهر
B6: 45834 | C6: =MONTH(B6) -> 6 | D6: اكسليرا 13/175/70 | E6: مبيعات كاش | F6: كاوتش | H6: Client 21 | I6: 1 | J6: 1750 | K6: =I6*J6 -> 1750 | L6: =K6 -> 1750 | M6: =K6-L6 -> 0 | Z6: 1 | AA6: Jan | AC6: =IFERROR(INDEX(AA:AA,MATCH(C6,Z:Z,0)),"") -> Jun
B7: 45830 | C7: =MONTH(B7) -> 6 | D7: فيتور 14/195 عريض | E7: مبيعات اجل | F7: كاوتش | H7: Client 19 | I7: 2 | J7: 4875 | K7: =I7*J7 -> 9750 | M7: =K7-L7 -> 9750 | Z7: 2 | AA7: Feb | AC7: =IFERROR(INDEX(AA:AA,MATCH(C7,Z:Z,0)),"") -> Jun
B8: 45830 | C8: =MONTH(B8) -> 6 | D8: فيتور 14/195 عريض | E8: مبيعات اجل | F8: كاوتش | H8: Client 15 | I8: 1 | J8: 5050 | K8: =I8*J8 -> 5050 | M8: =K8-L8 -> 5050 | Z8: 3 | AA8: Mar | AC8: =IFERROR(INDEX(AA:AA,MATCH(C8,Z:Z,0)),"") -> Jun
B9: 45840 | C9: =MONTH(B9) -> 7 | D9: بطارية كلورايد 70 معكوسة | E9: مبيعات كاش | F9: بطارية | H9: Client 16 | I9: 1 | J9: 1750 | K9: =I9*J9 -> 1750 | L9: =K9 -> 1750 | M9: =K9-L9 -> 0 | Z9: 4 | AA9: Apr | AC9: =IFERROR(INDEX(AA:AA,MATCH(C9,Z:Z,0)),"") -> Jul
B10: 45842 | C10: =MONTH(B10) -> 7 | D10: بلف كتينة | E10: مبيعات كاش | F10: قطع غيار | H10: Client 12 | I10: 5 | J10: 190 | K10: =I10*J10 -> 950 | L10: =K10 -> 950 | M10: =K10-L10 -> 0 | Z10: 5 | AA10: May | AC10: =IFERROR(INDEX(AA:AA,MATCH(C10,Z:Z,0)),"") -> Jul
B11: 45842 | C11: =MONTH(B11) -> 7 | D11: مروحة تويوتا عريضة | E11: مبيعات كاش | F11: قطع غيار | H11: Client 12 | I11: 5 | J11: 220 | K11: =I11*J11 -> 1100 | L11: =K11 -> 1100 | M11: =K11-L11 -> 0 | Z11: 6 | AA11: Jun | AC11: =IFERROR(INDEX(AA:AA,MATCH(C11,Z:Z,0)),"") -> Jul
B12: 45842 | C12: =MONTH(B12) -> 7 | D12: قميص رداتير | E12: مبيعات كاش | F12: قطع غيار | H12: Client 12 | I12: 5 | J12: 220 | K12: =I12*J12 -> 1100 | L12: =K12 -> 1100 | M12: =K12-L12 -> 0 | Z12: 7 | AA12: Jul | AC12: =IFERROR(INDEX(AA:AA,MATCH(C12,Z:Z,0)),"") -> Jul
B13: 45842 | C13: =MONTH(B13) -> 7 | D13: طقم جوان تويوتا | E13: مبيعات كاش | F13: قطع غيار | H13: Client 12 | I13: 1 | J13: 400 | K13: =I13*J13 -> 400 | L13: =K13 -> 400 | M13: =K13-L13 -> 0 | Z13: 8 | AA13: Aug | AC13: =IFERROR(INDEX(AA:AA,MATCH(C13,Z:Z,0)),"") -> Jul
B14: 45843 | C14: =MONTH(B14) -> 7 | D14: طقم تيل امامى | E14: مبيعات كاش | F14: قطع غيار | H14: Client 16 | I14: 1 | J14: 325 | K14: =I14*J14 -> 325 | L14: =K14 -> 325 | M14: =K14-L14 -> 0 | Z14: 9 | AA14: Sep | AC14: =IFERROR(INDEX(AA:AA,MATCH(C14,Z:Z,0)),"") -> Jul
B15: 45843 | C15: =MONTH(B15) -> 7 | D15: غطاء تنك | E15: مبيعات كاش | F15: قطع غيار | H15: Client 16 | I15: 1 | J15: 70 | K15: =I15*J15 -> 70 | L15: =K15 -> 70 | M15: =K15-L15 -> 0 | Z15: 10 | AA15: Oct | AC15: =IFERROR(INDEX(AA:AA,MATCH(C15,Z:Z,0)),"") -> Jul
B16: 45843 | C16: =MONTH(B16) -> 7 | D16: طقم تيل امامى | E16: مبيعات كاش | F16: قطع غيار | H16: Clinet 1 | I16: 1 | J16: 325 | K16: =I16*J16 -> 325 | L16: =K16 -> 325 | M16: =K16-L16 -> 0 | Z16: 11 | AA16: Nov | AC16: =IFERROR(INDEX(AA:AA,MATCH(C16,Z:Z,0)),"") -> Jul
B17: 45843 | C17: =MONTH(B17) -> 7 | D17: طقم بلية صره امامى + اويل سيل | E17: مبيعات كاش | F17: قطع غيار | H17: Clinet 1 | I17: 2 | J17: 175 | K17: =I17*J17 -> 350 | L17: =K17 -> 350 | M17: =K17-L17 -> 0 | Z17: 12 | AA17: Dec | AC17: =IFERROR(INDEX(AA:AA,MATCH(C17,Z:Z,0)),"") -> Jul
B18: 45843 | C18: =MONTH(B18) -> 7 | D18: طقم تيل امامى | E18: مبيعات كاش | F18: قطع غيار | H18: Client 16 | I18: 1 | J18: 325 | K18: =I18*J18 -> 325 | L18: =K18 -> 325 | M18: =K18-L18 -> 0 | AC18: =IFERROR(INDEX(AA:AA,MATCH(C18,Z:Z,0)),"") -> Jul
B19: 45843 | C19: =MONTH(B19) -> 7 | D19: طقم تيل امامى | E19: مبيعات كاش | F19: قطع غيار | H19: Client 12 | I19: 1 | J19: 325 | K19: =I19*J19 -> 325 | L19: =K19 -> 325 | M19: =K19-L19 -> 0 | AC19: =IFERROR(INDEX(AA:AA,MATCH(C19,Z:Z,0)),"") -> Jul
B20: 45843 | C20: =MONTH(B20) -> 7 | D20: طقم تيل امامى | E20: مبيعات كاش | F20: قطع غيار | H20: Clinet 1 | I20: 1 | J20: 325 | K20: =I20*J20 -> 325 | L20: =K20 -> 325 | M20: =K20-L20 -> 0 | AC20: =IFERROR(INDEX(AA:AA,MATCH(C20,Z:Z,0)),"") -> Jul
B21: 45843 | C21: =MONTH(B21) -> 7 | D21: طقم تيل امامى | E21: مبيعات كاش | F21: قطع غيار | H21: Client 15 | I21: 1 | J21: 325 | K21: =I21*J21 -> 325 | L21: =K21 -> 325 | M21: =K21-L21 -> 0 | AC21: =IFERROR(INDEX(AA:AA,MATCH(C21,Z:Z,0)),"") -> Jul
B22: 45843 | C22: =MONTH(B22) -> 7 | D22: تيل خلفى 902317 | E22: مبيعات كاش | F22: قطع غيار | H22: Client 15 | I22: 1 | J22: 920 | K22: =I22*J22 -> 920 | L22: =K22 -> 920 | M22: =K22-L22 -> 0 | AC22: =IFERROR(INDEX(AA:AA,MATCH(C22,Z:Z,0)),"") -> Jul
B23: 45843 | C23: =MONTH(B23) -> 7 | D23: بطارية نسر 70 | E23: مبيعات كاش | F23: بطارية | H23: Clinet 1 | I23: 1 | J23: 1350 | K23: =I23*J23 -> 1350 | L23: =K23 -> 1350 | M23: =K23-L23 -> 0 | AC23: =IFERROR(INDEX(AA:AA,MATCH(C23,Z:Z,0)),"") -> Jul
B24: 45843 | C24: =MONTH(B24) -> 7 | D24: شريحة اسبرتير | E24: مبيعات كاش | F24: قطع غيار | H24: Client 10 | I24: 1 | J24: 630 | K24: =I24*J24 -> 630 | L24: =K24 -> 630 | M24: =K24-L24 -> 0 | AC24: =IFERROR(INDEX(AA:AA,MATCH(C24,Z:Z,0)),"") -> Jul
B25: 45844 | C25: =MONTH(B25) -> 7 | D25: بطارية كلورايد 70 | E25: مبيعات كاش | F25: بطارية | H25: Clinet 2 | I25: 1 | J25: 1750 | K25: =I25*J25 -> 1750 | L25: =K25 -> 1750 | M25: =K25-L25 -> 0 | AC25: =IFERROR(INDEX(AA:AA,MATCH(C25,Z:Z,0)),"") -> Jul
B26: 45844 | C26: =MONTH(B26) -> 7 | D26: اكسليرا 13/175/70 | E26: مبيعات كاش | F26: كاوتش | H26: Client 16 | I26: 2 | J26: 1750 | K26: =I26*J26 -> 3500 | L26: =K26 -> 3500 | M26: =K26-L26 -> 0 | AC26: =IFERROR(INDEX(AA:AA,MATCH(C26,Z:Z,0)),"") -> Jul
B27: 45844 | C27: =MONTH(B27) -> 7 | D27: جوان وش سلندر | E27: مبيعات كاش | F27: قطع غيار | H27: Client 16 | I27: 1 | J27: 250 | K27: =I27*J27 -> 250 | L27: =K27 -> 250 | M27: =K27-L27 -> 0 | AC27: =IFERROR(INDEX(AA:AA,MATCH(C27,Z:Z,0)),"") -> Jul
B28: 45844 | C28: =MONTH(B28) -> 7 | D28: فلتر بنزين دايو /هيوندى | E28: مبيعات كاش | F28: قطع غيار | H28: Client 16 | I28: 1 | J28: 100 | K28: =I28*J28 -> 100 | L28: =K28 -> 100 | M28: =K28-L28 -> 0 | AC28: =IFERROR(INDEX(AA:AA,MATCH(C28,Z:Z,0)),"") -> Jul
B29: 45844 | C29: =MONTH(B29) -> 7 | D29: طقم تيل امامى | E29: مبيعات كاش | F29: قطع غيار | H29: Client 16 | I29: 1 | J29: 325 | K29: =I29*J29 -> 325 | L29: =K29 -> 325 | M29: =K29-L29 -> 0 | AC29: =IFERROR(INDEX(AA:AA,MATCH(C29,Z:Z,0)),"") -> Jul
... B335: 45869 | C335: =MONTH(B335) -> 7 | D335: باغة فانوس خلفى كريستال هاى اس شمال | E335: مبيعات كاش | F335: قطع غيار | H335: Client 16 | I335: 1 | J335: 100 | K335: =I335*J335 -> 100 | L335: =K335 -> 100 | M335: =K335-L335 -> 0 | AC335: =IFERROR(INDEX(AA:AA,MATCH(C335,Z:Z,0)),"") -> Jul
B336: 45843 | C336: =MONTH(B336) -> 7 | D336: بطارية 80 كلورايد | E336: مبيعات اجل | F336: بطارية | H336: Client 10 | I336: 1 | J336: 2850 | K336: =I336*J336 -> 2850 | M336: =K336-L336 -> 2850 | AC336: =IFERROR(INDEX(AA:AA,MATCH(C336,Z:Z,0)),"") -> Jul
B337: 45845 | C337: =MONTH(B337) -> 7 | D337: فيتور 14/195 كنزة | E337: مبيعات اجل | F337: كاوتش | H337: Client 20 | I337: 1 | J337: 3800 | K337: =I337*J337 -> 3800 | M337: =K337-L337 -> 3800 | AC337: =IFERROR(INDEX(AA:AA,MATCH(C337,Z:Z,0)),"") -> Jul
B338: 45847 | C338: =MONTH(B338) -> 7 | D338: فيتور 14/195 عريض | E338: مبيعات اجل | F338: كاوتش | H338: Client 20 | I338: 2 | J338: 4675 | K338: =I338*J338 -> 9350 | M338: =K338-L338 -> 9350 | AC338: =IFERROR(INDEX(AA:AA,MATCH(C338,Z:Z,0)),"") -> Jul
B339: 45848 | C339: =MONTH(B339) -> 7 | D339: فيتور 14/195 عريض | E339: مبيعات اجل | F339: كاوتش | H339: Client 10 | I339: 4 | J339: 4612.5 | K339: =I339*J339 -> 18450 | M339: =K339-L339 -> 18450 | AC339: =IFERROR(INDEX(AA:AA,MATCH(C339,Z:Z,0)),"") -> Jul
B340: 45848 | C340: =MONTH(B340) -> 7 | D340: طقم جانط 14 BLP LG20-VL | E340: مبيعات اجل | F340: كاوتش | H340: Client 19 | I340: 4 | J340: 4412.5 | K340: =I340*J340 -> 17650 | M340: =K340-L340 -> 17650 | AC340: =IFERROR(INDEX(AA:AA,MATCH(C340,Z:Z,0)),"") -> Jul
B341: 45850 | C341: =MONTH(B341) -> 7 | D341: فيتور 14/195 كنزة | E341: مبيعات اجل | F341: كاوتش | H341: Client 15 | I341: 4 | J341: 5000 | K341: =I341*J341 -> 20000 | M341: =K341-L341 -> 20000 | AC341: =IFERROR(INDEX(AA:AA,MATCH(C341,Z:Z,0)),"") -> Jul
B342: 45850 | C342: =MONTH(B342) -> 7 | D342: فيتور 14/195 عريض | E342: مبيعات اجل | F342: كاوتش | H342: Client 14 | I342: 1 | J342: 5150 | K342: =I342*J342 -> 5150 | M342: =K342-L342 -> 5150 | AC342: =IFERROR(INDEX(AA:AA,MATCH(C342,Z:Z,0)),"") -> Jul
B343: 45854 | C343: =MONTH(B343) -> 7 | D343: فيتور 14/195 كنزة | E343: مبيعات اجل | F343: كاوتش | H343: Client 17 | I343: 2 | J343: 4000 | K343: =I343*J343 -> 8000 | M343: =K343-L343 -> 8000 | AC343: =IFERROR(INDEX(AA:AA,MATCH(C343,Z:Z,0)),"") -> Jul
B344: 45854 | C344: =MONTH(B344) -> 7 | D344: فيتور 14/195 كنزة | E344: مبيعات اجل | F344: كاوتش | H344: Client 15 | I344: 2 | J344: 3975 | K344: =I344*J344 -> 7950 | M344: =K344-L344 -> 7950 | AC344: =IFERROR(INDEX(AA:AA,MATCH(C344,Z:Z,0)),"") -> Jul
B345: 45861 | C345: =MONTH(B345) -> 7 | D345: كاوتش توكتوك | E345: مبيعات اجل | F345: كاوتش | H345: Client 18 | I345: 2 | J345: 1250 | K345: =I345*J345 -> 2500 | M345: =K345-L345 -> 2500 | AC345: =IFERROR(INDEX(AA:AA,MATCH(C345,Z:Z,0)),"") -> Jul
B346: 45861 | C346: =MONTH(B346) -> 7 | D346: فيتور 14/195 عريض | E346: مبيعات اجل | F346: كاوتش | H346: Client 11 | I346: 2 | J346: 3975 | K346: =I346*J346 -> 7950 | M346: =K346-L346 -> 7950 | AC346: =IFERROR(INDEX(AA:AA,MATCH(C346,Z:Z,0)),"") -> Jul
B347: 45861 | C347: =MONTH(B347) -> 7 | D347: 14/5/144 BM-657-VL جنط سبور صينى غاطس | E347: مبيعات اجل | F347: كاوتش | H347: Client 19 | I347: 4 | J347: 4287.5 | K347: =I347*J347 -> 17150 | M347: =K347-L347 -> 17150 | AC347: =IFERROR(INDEX(AA:AA,MATCH(C347,Z:Z,0)),"") -> Jul
... B351: 45866 | C351: =MONTH(B351) -> 7 | D351: فيتور 14/195 عريض | E351: مبيعات اجل | F351: كاوتش | H351: Client 8 | I351: 2 | J351: 4775 | K351: =I351*J351 -> 9550 | M351: =K351-L351 -> 9550 | AC351: =IFERROR(INDEX(AA:AA,MATCH(C351,Z:Z,0)),"") -> Jul
B352: 45853 | C352: =MONTH(B352) -> 7 | D352: اكراميات | E352: مصروفات | F352: اكراميات | K352: =I352*J352 -> 0 | M352: =K352-L352 -> 0 | AC352: =IFERROR(INDEX(AA:AA,MATCH(C352,Z:Z,0)),"") -> Jul
B353: 45869 | C353: =MONTH(B353) -> 7 | D353: اكرامية +نقل | E353: مصروفات | F353: اكراميات | K353: =I353*J353 -> 0 | M353: =K353-L353 -> 0 | AC353: =IFERROR(INDEX(AA:AA,MATCH(C353,Z:Z,0)),"") -> Jul
B354: 45860 | C354: =MONTH(B354) -> 7 | D354: اكرامية فاتورة اشرفكو | E354: مصروفات | F354: اكراميات | K354: =I354*J354 -> 0 | M354: =K354-L354 -> 0 | AC354: =IFERROR(INDEX(AA:AA,MATCH(C354,Z:Z,0)),"") -> Jul
B355: 45852 | C355: =MONTH(B355) -> 7 | D355: اكرامية فاتورة الفطيم | E355: مصروفات | F355: اكراميات | K355: =I355*J355 -> 0 | M355: =K355-L355 -> 0 | AC355: =IFERROR(INDEX(AA:AA,MATCH(C355,Z:Z,0)),"") -> Jul
B356: 45856 | C356: =MONTH(B356) -> 7 | D356: انتقالات | E356: مصروفات | F356: انتقالات | K356: =I356*J356 -> 0 | M356: =K356-L356 -> 0 | AC356: =IFERROR(INDEX(AA:AA,MATCH(C356,Z:Z,0)),"") -> Jul
B357: 45846 | C357: =MONTH(B357) -> 7 | D357: ايجار مخزن شهر 7 - 2025 | E357: مصروفات | F357: ايجارات | G357: 0 | I357: 0 | J357: 0 | K357: =I357*J357 -> 0 | M357: =K357-L357 -> 0 | AC357: =IFERROR(INDEX(AA:AA,MATCH(C357,Z:Z,0)),"") -> Jul
B358: 45852 | C358: =MONTH(B358) -> 7 | D358: مرتب - عمر | E358: مصروفات | F358: مرتبات | K358: =I358*J358 -> 0 | M358: =K358-L358 -> 0 | AC358: =IFERROR(INDEX(AA:AA,MATCH(C358,Z:Z,0)),"") -> Jul
B359: 45851 | C359: =MONTH(B359) -> 7 | D359: بن | E359: مصروفات | F359: بوفيه وضيافة | G359: 0 | I359: 0 | J359: 0 | K359: =I359*J359 -> 0 | M359: =K359-L359 -> 0 | AC359: =IFERROR(INDEX(AA:AA,MATCH(C359,Z:Z,0)),"") -> Jul
B360: 45852 | C360: =MONTH(B360) -> 7 | D360: بن | E360: مصروفات | F360: بوفيه وضيافة | K360: =I360*J360 -> 0 | M360: =K360-L360 -> 0 | AC360: =IFERROR(INDEX(AA:AA,MATCH(C360,Z:Z,0)),"") -> Jul
B361: 45860 | C361: =MONTH(B361) -> 7 | D361: بن | E361: مصروفات | F361: بوفيه وضيافة | K361: =I361*J361 -> 0 | M361: =K361-L361 -> 0 | AC361: =IFERROR(INDEX(AA:AA,MATCH(C361,Z:Z,0)),"") -> Jul
B362: 45849 | C362: =MONTH(B362) -> 7 | D362: بن | E362: مصروفات | F362: بوفيه وضيافة | K362: =I362*J362 -> 0 | M362: =K362-L362 -> 0 | AC362: =IFERROR(INDEX(AA:AA,MATCH(C362,Z:Z,0)),"") -> Jul
B363: 45849 | C363: =MONTH(B363) -> 7 | D363: بنزين | E363: مصروفات | F363: انتقالات | K363: =I363*J363 -> 0 | M363: =K363-L363 -> 0 | AC363: =IFERROR(INDEX(AA:AA,MATCH(C363,Z:Z,0)),"") -> Jul
B364: 45856 | C364: =MONTH(B364) -> 7 | D364: بنزين | E364: مصروفات | F364: انتقالات | K364: =I364*J364 -> 0 | M364: =K364-L364 -> 0 | AC364: =IFERROR(INDEX(AA:AA,MATCH(C364,Z:Z,0)),"") -> Jul
B365: 45846 | C365: =MONTH(B365) -> 7 | D365: تبرعات | E365: مصروفات | F365: تبرعات | K365: =I365*J365 -> 0 | M365: =K365-L365 -> 0 | AC365: =IFERROR(INDEX(AA:AA,MATCH(C365,Z:Z,0)),"") -> Jul
B366: 45848 | C366: =MONTH(B366) -> 7 | D366: تبرعات | E366: مصروفات | F366: تبرعات | K366: =I366*J366 -> 0 | M366: =K366-L366 -> 0 | AC366: =IFERROR(INDEX(AA:AA,MATCH(C366,Z:Z,0)),"") -> Jul
B367: 45849 | C367: =MONTH(B367) -> 7 | D367: ثلج | E367: مصروفات | F367: بوفيه وضيافة | K367: =I367*J367 -> 0 | M367: =K367-L367 -> 0 | AC367: =IFERROR(INDEX(AA:AA,MATCH(C367,Z:Z,0)),"") -> Jul
B368: 45851 | C368: =MONTH(B368) -> 7 | D368: ثلج | E368: مصروفات | F368: بوفيه وضيافة | K368: =I368*J368 -> 0 | M368: =K368-L368 -> 0 | AC368: =IFERROR(INDEX(AA:AA,MATCH(C368,Z:Z,0)),"") -> Jul
B369: 45853 | C369: =MONTH(B369) -> 7 | D369: ثلج | E369: مصروفات | F369: بوفيه وضيافة | K369: =I369*J369 -> 0 | M369: =K369-L369 -> 0 | AC369: =IFERROR(INDEX(AA:AA,MATCH(C369,Z:Z,0)),"") -> Jul
B370: 45854 | C370: =MONTH(B370) -> 7 | D370: ثلج | E370: مصروفات | F370: بوفيه وضيافة | K370: =I370*J370 -> 0 | M370: =K370-L370 -> 0 | AC370: =IFERROR(INDEX(AA:AA,MATCH(C370,Z:Z,0)),"") -> Jul
B371: 45855 | C371: =MONTH(B371) -> 7 | D371: ثلج | E371: مصروفات | F371: بوفيه وضيافة | K371: =I371*J371 -> 0 | M371: =K371-L371 -> 0 | AC371: =IFERROR(INDEX(AA:AA,MATCH(C371,Z:Z,0)),"") -> Jul
... B408: 45867 | C408: =MONTH(B408) -> 7 | D408: مرتب - هاني | E408: مصروفات | F408: مرتبات | K408: =I408*J408 -> 0 | M408: =K408-L408 -> 0 | AC408: =IFERROR(INDEX(AA:AA,MATCH(C408,Z:Z,0)),"") -> Jul
B409: 45870 | C409: =MONTH(B409) -> 8 | D409: مساعد امامى تويوتا | E409: مبيعات كاش | F409: قطع غيار | H409: Client 15 | I409: 2 | J409: 1100 | K409: =I409*J409 -> 2200 | L409: =K409 -> 2200 | M409: =K409-L409 -> 0 | AC409: =IFERROR(INDEX(AA:AA,MATCH(C409,Z:Z,0)),"") -> Aug
B410: 45870 | C410: =MONTH(B410) -> 8 | D410: صدادة باب جرار | E410: مبيعات كاش | F410: قطع غيار | H410: Client 15 | I410: 1 | J410: 40 | K410: =I410*J410 -> 40 | L410: =K410 -> 40 | M410: =K410-L410 -> 0 | AC410: =IFERROR(INDEX(AA:AA,MATCH(C410,Z:Z,0)),"") -> Aug
B411: 45870 | C411: =MONTH(B411) -> 8 | D411: كاوتشة شداد | E411: مبيعات كاش | F411: قطع غيار | H411: Client 13 | I411: 6 | J411: 40 | K411: =I411*J411 -> 240 | L411: =K411 -> 240 | M411: =K411-L411 -> 0 | AC411: =IFERROR(INDEX(AA:AA,MATCH(C411,Z:Z,0)),"") -> Aug
B412: 45870 | C412: =MONTH(B412) -> 8 | D412: اكصدام امامى | E412: مبيعات كاش | F412: قطع غيار | H412: Client 21 | I412: 1 | J412: 600 | K412: =I412*J412 -> 600 | L412: =K412 -> 600 | M412: =K412-L412 -> 0 | AC412: =IFERROR(INDEX(AA:AA,MATCH(C412,Z:Z,0)),"") -> Aug
B413: 45870 | C413: =MONTH(B413) -> 8 | D413: افيس بلاستيك | E413: مبيعات كاش | F413: قطع غيار | H413: Client 21 | I413: 8 | J413: 1.875 | K413: =I413*J413 -> 15 | L413: =K413 -> 15 | M413: =K413-L413 -> 0 | AC413: =IFERROR(INDEX(AA:AA,MATCH(C413,Z:Z,0)),"") -> Aug
B414: 45870 | C414: =MONTH(B414) -> 8 | D414: فلتر بنزين دايو /هيوندى | E414: مبيعات كاش | F414: قطع غيار | H414: Client 18 | I414: 1 | J414: 70 | K414: =I414*J414 -> 70 | L414: =K414 -> 70 | M414: =K414-L414 -> 0 | AC414: =IFERROR(INDEX(AA:AA,MATCH(C414,Z:Z,0)),"") -> Aug
B415: 45870 | C415: =MONTH(B415) -> 8 | D415: اصلاح دبرياج سفلى تايوانى تيوتا | E415: مبيعات كاش | F415: قطع غيار | H415: Client 18 | I415: 1 | J415: 60 | K415: =I415*J415 -> 60 | L415: =K415 -> 60 | M415: =K415-L415 -> 0 | AC415: =IFERROR(INDEX(AA:AA,MATCH(C415,Z:Z,0)),"") -> Aug
B416: 45870 | C416: =MONTH(B416) -> 8 | D416: زيت باكم نصف لتر | E416: مبيعات كاش | F416: قطع غيار | H416: Client 18 | I416: 1 | J416: 90 | K416: =I416*J416 -> 90 | L416: =K416 -> 90 | M416: =K416-L416 -> 0 | AC416: =IFERROR(INDEX(AA:AA,MATCH(C416,Z:Z,0)),"") -> Aug
B417: 45870 | C417: =MONTH(B417) -> 8 | D417: اكصدام امامى | E417: مبيعات كاش | F417: قطع غيار | H417: Client 10 | I417: 1 | J417: 600 | K417: =I417*J417 -> 600 | L417: =K417 -> 600 | M417: =K417-L417 -> 0 | AC417: =IFERROR(INDEX(AA:AA,MATCH(C417,Z:Z,0)),"") -> Aug
B418: 45870 | C418: =MONTH(B418) -> 8 | D418: طقم تيل امامى | E418: مبيعات كاش | F418: قطع غيار | H418: Client 17 | I418: 1 | J418: 350 | K418: =I418*J418 -> 350 | L418: =K418 -> 350 | M418: =K418-L418 -> 0 | AC418: =IFERROR(INDEX(AA:AA,MATCH(C418,Z:Z,0)),"") -> Aug
B419: 45870 | C419: =MONTH(B419) -> 8 | D419: طقم بلية صره امامى + اويل سيل | E419: مبيعات كاش | F419: قطع غيار | H419: Client 17 | I419: 1 | J419: 200 | K419: =I419*J419 -> 200 | L419: =K419 -> 200 | M419: =K419-L419 -> 0 | AC419: =IFERROR(INDEX(AA:AA,MATCH(C419,Z:Z,0)),"") -> Aug
B420: 45870 | C420: =MONTH(B420) -> 8 | D420: منفل شكمان | E420: مبيعات كاش | F420: قطع غيار | H420: Client 13 | I420: 1 | J420: 150 | K420: =I420*J420 -> 150 | L420: =K420 -> 150 | M420: =K420-L420 -> 0 | AC420: =IFERROR(INDEX(AA:AA,MATCH(C420,Z:Z,0)),"") -> Aug
... B425: 45870 | C425: =MONTH(B425) -> 8 | D425: بطارية كلورايد 70 | E425: مبيعات كاش | F425: بطارية | H425: Client 14 | I425: 1 | J425: 1750 | K425: =I425*J425 -> 1750 | L425: =K425 -> 1750 | M425: =K425-L425 -> 0 | AC425: =IFERROR(INDEX(AA:AA,MATCH(C425,Z:Z,0)),"") -> Aug
B426: 45870 | C426: =MONTH(B426) -> 8 | D426: بطارية كلورايد 90 | E426: مبيعات اجل | F426: بطارية | H426: Client 10 | I426: 1 | J426: 3050 | K426: =I426*J426 -> 3050 | M426: =K426-L426 -> 3050 | AC426: =IFERROR(INDEX(AA:AA,MATCH(C426,Z:Z,0)),"") -> Aug
B427: 45870 | C427: =MONTH(B427) -> 8 | D427: بطارية كلورايد 70 فيلدا | E427: مبيعات اجل | F427: بطارية | H427: Client 14 | I427: 1 | J427: 1950 | K427: =I427*J427 -> 1950 | M427: =K427-L427 -> 1950 | AC427: =IFERROR(INDEX(AA:AA,MATCH(C427,Z:Z,0)),"") -> Aug
B428: 45870 | C428: =MONTH(B428) -> 8 | D428: اكرامية | E428: مصروفات | F428: اكراميات | K428: =I428*J428 -> 0 | M428: =K428-L428 -> 0 | AC428: =IFERROR(INDEX(AA:AA,MATCH(C428,Z:Z,0)),"") -> Aug
B429: 45870 | C429: =MONTH(B429) -> 8 | D429: مرتب - محمد هشام | E429: مصروفات | F429: مرتبات | K429: =I429*J429 -> 0 | M429: =K429-L429 -> 0 | AC429: =IFERROR(INDEX(AA:AA,MATCH(C429,Z:Z,0)),"") -> Aug
B430: 45870 | C430: =MONTH(B430) -> 8 | D430: ثلج | E430: مصروفات | F430: بوفيه وضيافة | K430: =I430*J430 -> 0 | M430: =K430-L430 -> 0 | AC430: =IFERROR(INDEX(AA:AA,MATCH(C430,Z:Z,0)),"") -> Aug
B431: 45870 | C431: =MONTH(B431) -> 8 | D431: مرتب - هاني | E431: مصروفات | F431: مرتبات | K431: =I431*J431 -> 0 | M431: =K431-L431 -> 0 | AC431: =IFERROR(INDEX(AA:AA,MATCH(C431,Z:Z,0)),"") -> Aug
B432: 45870 | C432: =MONTH(B432) -> 8 | D432: مرتب - نانا | E432: مصروفات | F432: مرتبات | I432: 1 | J432: 1000 | K432: =I432*J432 -> 1000 | M432: =K432-L432 -> 1000 | AC432: =IFERROR(INDEX(AA:AA,MATCH(C432,Z:Z,0)),"") -> Aug
B433: 45871 | C433: =MONTH(B433) -> 8 | D433: بطارية كلورايد 70 نسر | E433: مشتريات | F433: قطع غيار | G433: 458885 | H433: Client 20 | I433: 5 | J433: 150 | K433: =I433*J433 -> 750 | M433: =K433-L433 -> 750 | AC433: =IFERROR(INDEX(AA:AA,MATCH(C433,Z:Z,0)),"") -> Aug
B434: 45784 | C434: =MONTH(B434) -> 5 | D434: اكصدام امامى | E434: مشتريات | F434: قطع غيار | G434: 458886 | H434: Client 20 | I434: 10 | J434: 200 | K434: =I434*J434 -> 2000 | L434: 2000 | M434: =K434-L434 -> 0 | AC434: =IFERROR(INDEX(AA:AA,MATCH(C434,Z:Z,0)),"") -> May
C435: =MONTH(B435) -> 1 | K435: =I435*J435 -> 0 | M435: =K435-L435 -> 0 | AC435: =IFERROR(INDEX(AA:AA,MATCH(C435,Z:Z,0)),"") -> Jan
C436: =MONTH(B436) -> 1 | K436: =I436*J436 -> 0 | M436: =K436-L436 -> 0 | AC436: =IFERROR(INDEX(AA:AA,MATCH(C436,Z:Z,0)),"") -> Jan
C437: =MONTH(B437) -> 1 | K437: =I437*J437 -> 0 | M437: =K437-L437 -> 0 | AC437: =IFERROR(INDEX(AA:AA,MATCH(C437,Z:Z,0)),"") -> Jan
C438: =MONTH(B438) -> 1 | K438: =I438*J438 -> 0 | M438: =K438-L438 -> 0 | AC438: =IFERROR(INDEX(AA:AA,MATCH(C438,Z:Z,0)),"") -> Jan
C439: =MONTH(B439) -> 1 | K439: =I439*J439 -> 0 | M439: =K439-L439 -> 0 | AC439: =IFERROR(INDEX(AA:AA,MATCH(C439,Z:Z,0)),"") -> Jan
C440: =MONTH(B440) -> 1 | K440: =I440*J440 -> 0 | M440: =K440-L440 -> 0 | AC440: =IFERROR(INDEX(AA:AA,MATCH(C440,Z:Z,0)),"") -> Jan
C441: =MONTH(B441) -> 1 | K441: =I441*J441 -> 0 | M441: =K441-L441 -> 0 | AC441: =IFERROR(INDEX(AA:AA,MATCH(C441,Z:Z,0)),"") -> Jan
C442: =MONTH(B442) -> 1 | K442: =I442*J442 -> 0 | M442: =K442-L442 -> 0 | AC442: =IFERROR(INDEX(AA:AA,MATCH(C442,Z:Z,0)),"") -> Jan
C443: =MONTH(B443) -> 1 | K443: =I443*J443 -> 0 | M443: =K443-L443 -> 0 | AC443: =IFERROR(INDEX(AA:AA,MATCH(C443,Z:Z,0)),"") -> Jan
C444: =MONTH(B444) -> 1 | K444: =I444*J444 -> 0 | M444: =K444-L444 -> 0 | AC444: =IFERROR(INDEX(AA:AA,MATCH(C444,Z:Z,0)),"") -> Jan
C445: =MONTH(B445) -> 1 | K445: =I445*J445 -> 0 | M445: =K445-L445 -> 0 | AC445: =IFERROR(INDEX(AA:AA,MATCH(C445,Z:Z,0)),"") -> Jan
C446: =MONTH(B446) -> 1 | K446: =I446*J446 -> 0 | M446: =K446-L446 -> 0 | AC446: =IFERROR(INDEX(AA:AA,MATCH(C446,Z:Z,0)),"") -> Jan
... C2172: =MONTH(B2172) -> 1 | K2172: =I2172*J2172 -> 0 | M2172: =K2172-L2172 -> 0 | AC2172: =IFERROR(INDEX(AA:AA,MATCH(C2172,Z:Z,0)),"") -> Jan
AC2173: =IFERROR(INDEX(AA:AA,MATCH(C2173,Z:Z,0)),"")
AC2174: =IFERROR(INDEX(AA:AA,MATCH(C2174,Z:Z,0)),"")
AC2175: =IFERROR(INDEX(AA:AA,MATCH(C2175,Z:Z,0)),"")
AC2176: =IFERROR(INDEX(AA:AA,MATCH(C2176,Z:Z,0)),"")
...

Sheet رصيد العملاء
A2: نوع الحركة | B2: (Multiple Items)
A3: الشهر | B3: (All) | D3: =SUBTOTAL(9,D6:D1048576)/2 -> 188900
A5: العميل | B5: الاجمالي | C5: المسدد / المحصل | D5: المتبقى
A6: (blank) | B6: 1000 | D6: 1000
A7: Client 19 | B7: 44550 | D7: 44550
A8: Client 15 | B8: 66550 | D8: 66550
A9: Client 10 | B9: 24350 | D9: 24350
A10: Client 17 | B10: 8000 | D10: 8000
A11: Client 14 | B11: 7100 | D11: 7100
A12: Client 18 | B12: 6700 | D12: 6700
A13: Client 20 | B13: 13150 | D13: 13150
A14: Client 11 | B14: 7950 | D14: 7950
A15: Client 8 | B15: 9550 | D15: 9550
A16: الاجمالي | B16: 188900 | D16: 188900

Sheet Dashboard
C1: Dashboard
C3: إجمالى المبيعات | E3: إجمالي المشتريات | G3: إجمالى المصروفات | I3: إجمالى الربح | K3: إجمالى التحصيلات | M3: رصيد المخزن | O3: رصيد العملاء
C4: =SUMIFS('دفتر اليومية'!K:K,'دفتر اليومية'!E:E,"مبيعات كاش")+ SUMIFS('دفتر اليومية'!K:K,'دفتر اليومية'!E:E,"مبيعات آجل") -> 556855 | E4: =SUM(المشتريات!I:I) -> 2750 | G4: =SUMIFS('دفتر اليومية'!K:K,'دفتر اليومية'!E:E,"مصروفات") -> 1000 | I4: =C4-E4-G4 -> 553105 | K4: =SUM('دفتر اليومية'!L3) -> 370955 | M4: ='حركة المخزن'!L5 -> 110375 | O4: =SUM('⁠حسابات عملاء'!B2:B1169) -> 187900
A35: الشهر | B35: المبيعات | C35: المصروفات | D35: تكلفة البضاعة المباعة | E35: الربح
A36: Jan | B36: =SUMIFS('دفتر اليومية'!K:K,'دفتر اليومية'!AC:AC,A36,'دفتر اليومية'!E:E,"مبيعات كاش") +SUMIFS('دفتر اليومية'!K:K,'دفتر اليومية'!AC:AC,A36,'دفتر اليومية'!E:E,"مبيعات اجل") -> 0 | C36: =SUMIFS('دفتر اليومية'!K:K, 'دفتر اليومية'!E:E, "مصروفات", 'دفتر اليومية'!AC:AC, Dashboard!A36) -> 0 | D36: =SUMIFS('دفتر اليومية'!K:K, 'دفتر اليومية'!E:E, "مشتريات", 'دفتر اليومية'!AC:AC, Dashboard!A36) -> 0 | E36: =B36-C36-D36 -> 0
A37: Feb | B37: =SUMIFS('دفتر اليومية'!K:K,'دفتر اليومية'!AC:AC,A37,'دفتر اليومية'!E:E,"مبيعات كاش") +SUMIFS('دفتر اليومية'!K:K,'دفتر اليومية'!AC:AC,A37,'دفتر اليومية'!E:E,"مبيعات اجل") -> 0 | C37: =SUMIFS('دفتر اليومية'!K:K, 'دفتر اليومية'!E:E, "مصروفات", 'دفتر اليومية'!AC:AC, Dashboard!A37) -> 0 | D37: =SUMIFS('دفتر اليومية'!K:K, 'دفتر اليومية'!E:E, "مشتريات", 'دفتر اليومية'!AC:AC, Dashboard!A37) -> 0 | E37: =B37-C37-D37 -> 0
A38: Mar | B38: =SUMIFS('دفتر اليومية'!K:K,'دفتر اليومية'!AC:AC,A38,'دفتر اليومية'!E:E,"مبيعات كاش") +SUMIFS('دفتر اليومية'!K:K,'دفتر اليومية'!AC:AC,A38,'دفتر اليومية'!E:E,"مبيعات اجل") -> 0 | C38: =SUMIFS('دفتر اليومية'!K:K, 'دفتر اليومية'!E:E, "مصروفات", 'دفتر اليومية'!AC:AC, Dashboard!A38) -> 0 | D38: =SUMIFS('دفتر اليومية'!K:K, 'دفتر اليومية'!E:E, "مشتريات", 'دفتر اليومية'!AC:AC, Dashboard!A38) -> 0 | E38: =B38-C38-D38 -> 0
A39: Apr | B39: =SUMIFS('دفتر اليومية'!K:K,'دفتر اليومية'!AC:AC,A39,'دفتر اليومية'!E:E,"مبيعات كاش") +SUMIFS('دفتر اليومية'!K:K,'دفتر اليومية'!AC:AC,A39,'دفتر اليومية'!E:E,"مبيعات اجل") -> 0 | C39: =SUMIFS('دفتر اليومية'!K:K, 'دفتر اليومية'!E:E, "مصروفات", 'دفتر اليومية'!AC:AC, Dashboard!A39) -> 0 | D39: =SUMIFS('دفتر اليومية'!K:K, 'دفتر اليومية'!E:E, "مشتريات", 'دفتر اليومية'!AC:AC, Dashboard!A39) -> 0 | E39: =B39-C39-D39 -> 0
A40: May | B40: =SUMIFS('دفتر اليومية'!K:K,'دفتر اليومية'!AC:AC,A40,'دفتر اليومية'!E:E,"مبيعات كاش") +SUMIFS('دفتر اليومية'!K:K,'دفتر اليومية'!AC:AC,A40,'دفتر اليومية'!E:E,"مبيعات اجل") -> 0 | C40: =SUMIFS('دفتر اليومية'!K:K, 'دفتر اليومية'!E:E, "مصروفات", 'دفتر اليومية'!AC:AC, Dashboard!A40) -> 0 | D40: =SUMIFS('دفتر اليومية'!K:K, 'دفتر اليومية'!E:E, "مشتريات", 'دفتر اليومية'!AC:AC, Dashboard!A40) -> 2000 | E40: =B40-C40-D40 -> -2000
A41: Jun | B41: =SUMIFS('دفتر اليومية'!K:K,'دفتر اليومية'!AC:AC,A41,'دفتر اليومية'!E:E,"مبيعات كاش") +SUMIFS('دفتر اليومية'!K:K,'دفتر اليومية'!AC:AC,A41,'دفتر اليومية'!E:E,"مبيعات اجل") -> 16550 | C41: =SUMIFS('دفتر اليومية'!K:K, 'دفتر اليومية'!E:E, "مصروفات", 'دفتر اليومية'!AC:AC, Dashboard!A41) -> 0 | D41: =SUMIFS('دفتر اليومية'!K:K, 'دفتر اليومية'!E:E, "مشتريات", 'دفتر اليومية'!AC:AC, Dashboard!A41) -> 0 | E41: =B41-C41-D41 -> 16550
A42: Jul | B42: =SUMIFS('دفتر اليومية'!K:K,'دفتر اليومية'!AC:AC,A42,'دفتر اليومية'!E:E,"مبيعات كاش") +SUMIFS('دفتر اليومية'!K:K,'دفتر اليومية'!AC:AC,A42,'دفتر اليومية'!E:E,"مبيعات اجل") -> 528080 | C42: =SUMIFS('دفتر اليومية'!K:K, 'دفتر اليومية'!E:E, "مصروفات", 'دفتر اليومية'!AC:AC, Dashboard!A42) -> 0 | D42: =SUMIFS('دفتر اليومية'!K:K, 'دفتر اليومية'!E:E, "مشتريات", 'دفتر اليومية'!AC:AC, Dashboard!A42) -> 0 | E42: =B42-C42-D42 -> 528080
A43: Aug | B43: =SUMIFS('دفتر اليومية'!K:K,'دفتر اليومية'!AC:AC,A43,'دفتر اليومية'!E:E,"مبيعات كاش") +SUMIFS('دفتر اليومية'!K:K,'دفتر اليومية'!AC:AC,A43,'دفتر اليومية'!E:E,"مبيعات اجل") -> 12225 | C43: =SUMIFS('دفتر اليومية'!K:K, 'دفتر اليومية'!E:E, "مصروفات", 'دفتر اليومية'!AC:AC, Dashboard!A43) -> 1000 | D43: =SUMIFS('دفتر اليومية'!K:K, 'دفتر اليومية'!E:E, "مشتريات", 'دفتر اليومية'!AC:AC, Dashboard!A43) -> 750 | E43: =B43-C43-D43 -> 10475
A44: Sep | B44: =SUMIFS('دفتر اليومية'!K:K,'دفتر اليومية'!AC:AC,A44,'دفتر اليومية'!E:E,"مبيعات كاش") +SUMIFS('دفتر اليومية'!K:K,'دفتر اليومية'!AC:AC,A44,'دفتر اليومية'!E:E,"مبيعات اجل") -> 0 | C44: =SUMIFS('دفتر اليومية'!K:K, 'دفتر اليومية'!E:E, "مصروفات", 'دفتر اليومية'!AC:AC, Dashboard!A44) -> 0 | D44: =SUMIFS('دفتر اليومية'!K:K, 'دفتر اليومية'!E:E, "مشتريات", 'دفتر اليومية'!AC:AC, Dashboard!A44) -> 0 | E44: =B44-C44-D44 -> 0
A45: Oct | B45: =SUMIFS('دفتر اليومية'!K:K,'دفتر اليومية'!AC:AC,A45,'دفتر اليومية'!E:E,"مبيعات كاش") +SUMIFS('دفتر اليومية'!K:K,'دفتر اليومية'!AC:AC,A45,'دفتر اليومية'!E:E,"مبيعات اجل") -> 0 | C45: =SUMIFS('دفتر اليومية'!K:K, 'دفتر اليومية'!E:E, "مصروفات", 'دفتر اليومية'!AC:AC, Dashboard!A45) -> 0 | D45: =SUMIFS('دفتر اليومية'!K:K, 'دفتر اليومية'!E:E, "مشتريات", 'دفتر اليومية'!AC:AC, Dashboard!A45) -> 0 | E45: =B45-C45-D45 -> 0
A46: Nov | B46: =SUMIFS('دفتر اليومية'!K:K,'دفتر اليومية'!AC:AC,A46,'دفتر اليومية'!E:E,"مبيعات كاش") +SUMIFS('دفتر اليومية'!K:K,'دفتر اليومية'!AC:AC,A46,'دفتر اليومية'!E:E,"مبيعات اجل") -> 0 | C46: =SUMIFS('دفتر اليومية'!K:K, 'دفتر اليومية'!E:E, "مصروفات", 'دفتر اليومية'!AC:AC, Dashboard!A46) -> 0 | D46: =SUMIFS('دفتر اليومية'!K:K, 'دفتر اليومية'!E:E, "مشتريات", 'دفتر اليومية'!AC:AC, Dashboard!A46) -> 0 | E46: =B46-C46-D46 -> 0
A47: Dec | B47: =SUMIFS('دفتر اليومية'!K:K,'دفتر اليومية'!AC:AC,A47,'دفتر اليومية'!E:E,"مبيعات كاش") +SUMIFS('دفتر اليومية'!K:K,'دفتر اليومية'!AC:AC,A47,'دفتر اليومية'!E:E,"مبيعات اجل") -> 0 | C47: =SUMIFS('دفتر اليومية'!K:K, 'دفتر اليومية'!E:E, "مصروفات", 'دفتر اليومية'!AC:AC, Dashboard!A47) -> 0 | D47: =SUMIFS('دفتر اليومية'!K:K, 'دفتر اليومية'!E:E, "مشتريات", 'دفتر اليومية'!AC:AC, Dashboard!A47) -> 0 | E47: =B47-C47-D47 -> 0
A48: الاجمالى | B48: =SUM(B36:B47) -> 556855 | C48: =SUM(C36:C47) -> 1000 | D48: =SUM(D36:D47) -> 2750 | E48: =SUM(E36:E47) -> 553105
A50: التصنيف | B50: عدد المبيعات | C50: أجمالى الدخل | D50: صافى الربح | E50: %
A51: {=_xlfn.UNIQUE(_xlfn._xlws.FILTER('تحليل مبيعات'!F10:F3996, 'تحليل مبيعات'!F10:F3996<>""))} -> بطارية | B51: =SUMIFS('تحليل مبيعات'!H:H,'تحليل مبيعات'!F:F,A51) -> 35 | C51: =SUMIFS('تحليل مبيعات'!L:L,'تحليل مبيعات'!F:F,A51) -> 68650 | D51: =SUMIFS('تحليل مبيعات'!M:M,'تحليل مبيعات'!F:F,A51) -> 55945 | E51: =D51/D54 -> 0.12174608
A52: كاوتش | B52: =SUMIFS('تحليل مبيعات'!H:H,'تحليل مبيعات'!F:F,A52) -> 94 | C52: =SUMIFS('تحليل مبيعات'!L:L,'تحليل مبيعات'!F:F,A52) -> 336100 | D52: =SUMIFS('تحليل مبيعات'!M:M,'تحليل مبيعات'!F:F,A52) -> 323570 | E52: =D52/D54 -> 0.70414474
A53: قطع غيار | B53: =SUMIFS('تحليل مبيعات'!H:H,'تحليل مبيعات'!F:F,A53) -> 508 | C53: =SUMIFS('تحليل مبيعات'!L:L,'تحليل مبيعات'!F:F,A53) -> 154280 | D53: =SUMIFS('تحليل مبيعات'!M:M,'تحليل مبيعات'!F:F,A53) -> 80007 | E53: =D53/D54 -> 0.17410918
A54: المجموع | B54: =SUM(B51:B53) -> 637 | C54: =SUM(C51:C53) -> 559030 | D54: =SUM(D51:D53) -> 459522 | E54: =SUM(E51:E53) -> 1

Sheet ⁠حسابات عملاء
A1: اسم العميل | B1: إجمالي المبيعات الآجل | C1: إجمالي المسدد | D1: المتبقي | P1: 3 | AP1: Row Labels | AQ1: إجمالي المسدد | AR1: إجمالي المبيعات الآجل. | AS1: المتبقي
A2: {=_xlfn.UNIQUE(_xlfn._xlws.FILTER('دفتر اليومية'!H:H, 'دفتر اليومية'!E:E="مبيعات اجل"))} -> Client 19 | B2: =SUMIFS('دفتر اليومية'!K:K, 'دفتر اليومية'!H:H, A2, 'دفتر اليومية'!E:E, "مبيعات اجل") -> 44550 | C2: =SUMIFS('دفتر اليومية'!L:L, 'دفتر اليومية'!H:H, A2, 'دفتر اليومية'!E:E, "مبيعات اجل") -> 0 | D2: =B2-C2 -> 44550 | AP2: احمد ابوحطب | AQ2: 0 | AR2: 9550 | AS2: 9550
A3: Client 15 | B3: =SUMIFS('دفتر اليومية'!K:K, 'دفتر اليومية'!H:H, A3, 'دفتر اليومية'!E:E, "مبيعات اجل") -> 66550 | C3: =SUMIFS('دفتر اليومية'!L:L, 'دفتر اليومية'!H:H, A3, 'دفتر اليومية'!E:E, "مبيعات اجل") -> 0 | D3: =B3-C3 -> 66550 | AP3: احمد سعيد | AQ3: 0 | AR3: 2850 | AS3: 2850
A4: Client 10 | B4: =SUMIFS('دفتر اليومية'!K:K, 'دفتر اليومية'!H:H, A4, 'دفتر اليومية'!E:E, "مبيعات اجل") -> 24350 | C4: =SUMIFS('دفتر اليومية'!L:L, 'دفتر اليومية'!H:H, A4, 'دفتر اليومية'!E:E, "مبيعات اجل") -> 0 | D4: =B4-C4 -> 24350 | AP4: احمد عبد الله شبين | AQ4: 0 | AR4: 18450 | AS4: 18450
A5: Client 20 | B5: =SUMIFS('دفتر اليومية'!K:K, 'دفتر اليومية'!H:H, A5, 'دفتر اليومية'!E:E, "مبيعات اجل") -> 13150 | C5: =SUMIFS('دفتر اليومية'!L:L, 'دفتر اليومية'!H:H, A5, 'دفتر اليومية'!E:E, "مبيعات اجل") -> 0 | D5: =B5-C5 -> 13150 | AP5: احمد ماهر | AQ5: 0 | AR5: 3050 | AS5: 3050
A6: Client 14 | B6: =SUMIFS('دفتر اليومية'!K:K, 'دفتر اليومية'!H:H, A6, 'دفتر اليومية'!E:E, "مبيعات اجل") -> 7100 | C6: =SUMIFS('دفتر اليومية'!L:L, 'دفتر اليومية'!H:H, A6, 'دفتر اليومية'!E:E, "مبيعات اجل") -> 0 | D6: =B6-C6 -> 7100 | AP6: الحاج رفعت | AQ6: 0 | AR6: 7950 | AS6: 7950
A7: Client 17 | B7: =SUMIFS('دفتر اليومية'!K:K, 'دفتر اليومية'!H:H, A7, 'دفتر اليومية'!E:E, "مبيعات اجل") -> 8000 | C7: =SUMIFS('دفتر اليومية'!L:L, 'دفتر اليومية'!H:H, A7, 'دفتر اليومية'!E:E, "مبيعات اجل") -> 0 | D7: =B7-C7 -> 8000 | AP7: زياد وحيد | AQ7: 0 | AR7: 1950 | AS7: 1950
A8: Client 18 | B8: =SUMIFS('دفتر اليومية'!K:K, 'دفتر اليومية'!H:H, A8, 'دفتر اليومية'!E:E, "مبيعات اجل") -> 6700 | C8: =SUMIFS('دفتر اليومية'!L:L, 'دفتر اليومية'!H:H, A8, 'دفتر اليومية'!E:E, "مبيعات اجل") -> 0 | D8: =B8-C8 -> 6700 | AP8: سيد الزهار | AQ8: 0 | AR8: 5150 | AS8: 5150
A9: Client 11 | B9: =SUMIFS('دفتر اليومية'!K:K, 'دفتر اليومية'!H:H, A9, 'دفتر اليومية'!E:E, "مبيعات اجل") -> 7950 | C9: =SUMIFS('دفتر اليومية'!L:L, 'دفتر اليومية'!H:H, A9, 'دفتر اليومية'!E:E, "مبيعات اجل") -> 0 | D9: =B9-C9 -> 7950 | AP9: سيد حمائى | AQ9: 0 | AR9: 20000 | AS9: 20000
A10: Client 8 | B10: =SUMIFS('دفتر اليومية'!K:K, 'دفتر اليومية'!H:H, A10, 'دفتر اليومية'!E:E, "مبيعات اجل") -> 9550 | C10: =SUMIFS('دفتر اليومية'!L:L, 'دفتر اليومية'!H:H, A10, 'دفتر اليومية'!E:E, "مبيعات اجل") -> 0 | D10: =B10-C10 -> 9550 | AP10: سيد كشرى | AQ10: 0 | AR10: 33550 | AS10: 33550
B11: =SUMIFS('دفتر اليومية'!K:K, 'دفتر اليومية'!H:H, A11, 'دفتر اليومية'!E:E, "مبيعات اجل") -> 0 | C11: =SUMIFS('دفتر اليومية'!L:L, 'دفتر اليومية'!H:H, A11, 'دفتر اليومية'!E:E, "مبيعات اجل") -> 0 | D11: =B11-C11 -> 0 | AP11: عادل نظير | AQ11: 0 | AR11: 7950 | AS11: 7950
B12: =SUMIFS('دفتر اليومية'!K:K, 'دفتر اليومية'!H:H, A12, 'دفتر اليومية'!E:E, "مبيعات اجل") -> 0 | C12: =SUMIFS('دفتر اليومية'!L:L, 'دفتر اليومية'!H:H, A12, 'دفتر اليومية'!E:E, "مبيعات اجل") -> 0 | D12: =B12-C12 -> 0 | AP12: عم عجيبة | AQ12: 0 | AR12: 5050 | AS12: 5050
B13: =SUMIFS('دفتر اليومية'!K:K, 'دفتر اليومية'!H:H, A13, 'دفتر اليومية'!E:E, "مبيعات اجل") -> 0 | C13: =SUMIFS('دفتر اليومية'!L:L, 'دفتر اليومية'!H:H, A13, 'دفتر اليومية'!E:E, "مبيعات اجل") -> 0 | D13: =B13-C13 -> 0 | AP13: كريم العجل | AQ13: 0 | AR13: 8000 | AS13: 8000
B14: =SUMIFS('دفتر اليومية'!K:K, 'دفتر اليومية'!H:H, A14, 'دفتر اليومية'!E:E, "مبيعات اجل") -> 0 | C14: =SUMIFS('دفتر اليومية'!L:L, 'دفتر اليومية'!H:H, A14, 'دفتر اليومية'!E:E, "مبيعات اجل") -> 0 | D14: =B14-C14 -> 0 | AP14: محمد اشرف | AQ14: 0 | AR14: 17150 | AS14: 17150
B15: =SUMIFS('دفتر اليومية'!K:K, 'دفتر اليومية'!H:H, A15, 'دفتر اليومية'!E:E, "مبيعات اجل") -> 0 | C15: =SUMIFS('دفتر اليومية'!L:L, 'دفتر اليومية'!H:H, A15, 'دفتر اليومية'!E:E, "مبيعات اجل") -> 0 | D15: =B15-C15 -> 0 | AP15: محمد ذكى | AQ15: 0 | AR15: 4200 | AS15: 4200
B16: =SUMIFS('دفتر اليومية'!K:K, 'دفتر اليومية'!H:H, A16, 'دفتر اليومية'!E:E, "مبيعات اجل") -> 0 | C16: =SUMIFS('دفتر اليومية'!L:L, 'دفتر اليومية'!H:H, A16, 'دفتر اليومية'!E:E, "مبيعات اجل") -> 0 | D16: =B16-C16 -> 0 | AP16: محمد راس | AQ16: 0 | AR16: 9750 | AS16: 9750
B17: =SUMIFS('دفتر اليومية'!K:K, 'دفتر اليومية'!H:H, A17, 'دفتر اليومية'!E:E, "مبيعات اجل") -> 0 | C17: =SUMIFS('دفتر اليومية'!L:L, 'دفتر اليومية'!H:H, A17, 'دفتر اليومية'!E:E, "مبيعات اجل") -> 0 | D17: =B17-C17 -> 0 | AP17: محمود عطيه | AQ17: 0 | AR17: 17650 | AS17: 17650
B18: =SUMIFS('دفتر اليومية'!K:K, 'دفتر اليومية'!H:H, A18, 'دفتر اليومية'!E:E, "مبيعات اجل") -> 0 | C18: =SUMIFS('دفتر اليومية'!L:L, 'دفتر اليومية'!H:H, A18, 'دفتر اليومية'!E:E, "مبيعات اجل") -> 0 | D18: =B18-C18 -> 0 | AP18: ممدوح خيشة | AQ18: 0 | AR18: 3800 | AS18: 3800
B19: =SUMIFS('دفتر اليومية'!K:K, 'دفتر اليومية'!H:H, A19, 'دفتر اليومية'!E:E, "مبيعات اجل") -> 0 | C19: =SUMIFS('دفتر اليومية'!L:L, 'دفتر اليومية'!H:H, A19, 'دفتر اليومية'!E:E, "مبيعات اجل") -> 0 | D19: =B19-C19 -> 0 | AP19: مؤمن الميكا | AQ19: 0 | AR19: 2500 | AS19: 2500
B20: =SUMIFS('دفتر اليومية'!K:K, 'دفتر اليومية'!H:H, A20, 'دفتر اليومية'!E:E, "مبيعات اجل") -> 0 | C20: =SUMIFS('دفتر اليومية'!L:L, 'دفتر اليومية'!H:H, A20, 'دفتر اليومية'!E:E, "مبيعات اجل") -> 0 | D20: =B20-C20 -> 0 | AP20: ميدو بسيونى | AQ20: 0 | AR20: 9350 | AS20: 9350
B21: =SUMIFS('دفتر اليومية'!K:K, 'دفتر اليومية'!H:H, A21, 'دفتر اليومية'!E:E, "مبيعات اجل") -> 0 | C21: =SUMIFS('دفتر اليومية'!L:L, 'دفتر اليومية'!H:H, A21, 'دفتر اليومية'!E:E, "مبيعات اجل") -> 0 | D21: =B21-C21 -> 0 | AP21: (blank) | AQ21: 0 | AR21: 0 | AS21: 0
B22: =SUMIFS('دفتر اليومية'!K:K, 'دفتر اليومية'!H:H, A22, 'دفتر اليومية'!E:E, "مبيعات اجل") -> 0 | C22: =SUMIFS('دفتر اليومية'!L:L, 'دفتر اليومية'!H:H, A22, 'دفتر اليومية'!E:E, "مبيعات اجل") -> 0 | D22: =B22-C22 -> 0 | AP22: Grand Total | AQ22: 0 | AR22: 187900 | AS22: 187900
B23: =SUMIFS('دفتر اليومية'!K:K, 'دفتر اليومية'!H:H, A23, 'دفتر اليومية'!E:E, "مبيعات اجل") -> 0 | C23: =SUMIFS('دفتر اليومية'!L:L, 'دفتر اليومية'!H:H, A23, 'دفتر اليومية'!E:E, "مبيعات اجل") -> 0 | D23: =B23-C23 -> 0
B24: =SUMIFS('دفتر اليومية'!K:K, 'دفتر اليومية'!H:H, A24, 'دفتر اليومية'!E:E, "مبيعات اجل") -> 0 | C24: =SUMIFS('دفتر اليومية'!L:L, 'دفتر اليومية'!H:H, A24, 'دفتر اليومية'!E:E, "مبيعات اجل") -> 0 | D24: =B24-C24 -> 0
B25: =SUMIFS('دفتر اليومية'!K:K, 'دفتر اليومية'!H:H, A25, 'دفتر اليومية'!E:E, "مبيعات اجل") -> 0 | C25: =SUMIFS('دفتر اليومية'!L:L, 'دفتر اليومية'!H:H, A25, 'دفتر اليومية'!E:E, "مبيعات اجل") -> 0 | D25: =B25-C25 -> 0
B26: =SUMIFS('دفتر اليومية'!K:K, 'دفتر اليومية'!H:H, A26, 'دفتر اليومية'!E:E, "مبيعات اجل") -> 0 | C26: =SUMIFS('دفتر اليومية'!L:L, 'دفتر اليومية'!H:H, A26, 'دفتر اليومية'!E:E, "مبيعات اجل") -> 0 | D26: =B26-C26 -> 0
B27: =SUMIFS('دفتر اليومية'!K:K, 'دفتر اليومية'!H:H, A27, 'دفتر اليومية'!E:E, "مبيعات اجل") -> 0 | C27: =SUMIFS('دفتر اليومية'!L:L, 'دفتر اليومية'!H:H, A27, 'دفتر اليومية'!E:E, "مبيعات اجل") -> 0 | D27: =B27-C27 -> 0
B28: =SUMIFS('دفتر اليومية'!K:K, 'دفتر اليومية'!H:H, A28, 'دفتر اليومية'!E:E, "مبيعات اجل") -> 0 | C28: =SUMIFS('دفتر اليومية'!L:L, 'دفتر اليومية'!H:H, A28, 'دفتر اليومية'!E:E, "مبيعات اجل") -> 0 | D28: =B28-C28 -> 0
B29: =SUMIFS('دفتر اليومية'!K:K, 'دفتر اليومية'!H:H, A29, 'دفتر اليومية'!E:E, "مبيعات اجل") -> 0 | C29: =SUMIFS('دفتر اليومية'!L:L, 'دفتر اليومية'!H:H, A29, 'دفتر اليومية'!E:E, "مبيعات اجل") -> 0 | D29: =B29-C29 -> 0
B30: =SUMIFS('دفتر اليومية'!K:K, 'دفتر اليومية'!H:H, A30, 'دفتر اليومية'!E:E, "مبيعات اجل") -> 0 | C30: =SUMIFS('دفتر اليومية'!L:L, 'دفتر اليومية'!H:H, A30, 'دفتر اليومية'!E:E, "مبيعات اجل") -> 0 | D30: =B30-C30 -> 0
B31: =SUMIFS('دفتر اليومية'!K:K, 'دفتر اليومية'!H:H, A31, 'دفتر اليومية'!E:E, "مبيعات اجل") -> 0 | C31: =SUMIFS('دفتر اليومية'!L:L, 'دفتر اليومية'!H:H, A31, 'دفتر اليومية'!E:E, "مبيعات اجل") -> 0 | D31: =B31-C31 -> 0
B32: =SUMIFS('دفتر اليومية'!K:K, 'دفتر اليومية'!H:H, A32, 'دفتر اليومية'!E:E, "مبيعات اجل") -> 0 | C32: =SUMIFS('دفتر اليومية'!L:L, 'دفتر اليومية'!H:H, A32, 'دفتر اليومية'!E:E, "مبيعات اجل") -> 0 | D32: =B32-C32 -> 0
B33: =SUMIFS('دفتر اليومية'!K:K, 'دفتر اليومية'!H:H, A33, 'دفتر اليومية'!E:E, "مبيعات اجل") -> 0 | C33: =SUMIFS('دفتر اليومية'!L:L, 'دفتر اليومية'!H:H, A33, 'دفتر اليومية'!E:E, "مبيعات اجل") -> 0 | D33: =B33-C33 -> 0
B34: =SUMIFS('دفتر اليومية'!K:K, 'دفتر اليومية'!H:H, A34, 'دفتر اليومية'!E:E, "مبيعات اجل") -> 0 | C34: =SUMIFS('دفتر اليومية'!L:L, 'دفتر اليومية'!H:H, A34, 'دفتر اليومية'!E:E, "مبيعات اجل") -> 0 | D34: =B34-C34 -> 0
... B1169: =SUMIFS('دفتر اليومية'!K:K, 'دفتر اليومية'!H:H, A1169, 'دفتر اليومية'!E:E, "مبيعات اجل") -> 0 | C1169: =SUMIFS('دفتر اليومية'!L:L, 'دفتر اليومية'!H:H, A1169, 'دفتر اليومية'!E:E, "مبيعات اجل") -> 0 | D1169: =B1169-C1169 -> 0

Sheet حركة المخزن
D2: قطع غيار
D3: كاوتش
D4: جنط
D5: بطارية | L5: =SUM(L8:L1117) -> 110375
B6: الصنف | C6: كود الصنف | D6: التصنيف | E6: الرصيد الافتتاحي | G6: المشتريات | I6: المبيعات | K6: الرصيد الحالي | Q6: الصنف | R6: Jan | S6: Feb | T6: Mar | U6: Apr | V6: May | W6: Jun | X6: Jul | Y6: Aug | Z6: Sep | AA6: Oct | AB6: Nov | AC6: Dec | AD6: الاجمالى
E7: الكمية | F7: التكلفة | G7: الكمية | H7: التكلفة | I7: الكمية | J7: التكلفة | K7: الكمية | L7: التكلفة | M7: كمية أعادة الطلب | N7: الحالة | O7: تكلفة الوحدة | Q7: {=_xlfn.UNIQUE(_xlfn._xlws.FILTER('تحليل مبيعات'!C10:C3996, 'تحليل مبيعات'!C10:C3996<>""))} -> بطارية كلورايد 70 معكوسة | R7: =SUMIFS('تحليل مبيعات'!H:H,'تحليل مبيعات'!C:C,'حركة المخزن'!Q7,'تحليل مبيعات'!W:W,'حركة المخزن'!$R$6) -> 0 | S7: =SUMIFS('تحليل مبيعات'!H:H,'تحليل مبيعات'!C:C,'حركة المخزن'!Q7,'تحليل مبيعات'!W:W,'حركة المخزن'!$S$6) -> 0 | T7: =SUMIFS('تحليل مبيعات'!H:H,'تحليل مبيعات'!C:C,'حركة المخزن'!Q7,'تحليل مبيعات'!W:W,'حركة المخزن'!$T$6) -> 0 | U7: =SUMIFS('تحليل مبيعات'!H:H,'تحليل مبيعات'!C:C,'حركة المخزن'!Q7,'تحليل مبيعات'!W:W,'حركة المخزن'!$U$6) -> 0 | V7: =SUMIFS('تحليل مبيعات'!H:H,'تحليل مبيعات'!C:C,'حركة المخزن'!Q7,'تحليل مبيعات'!W:W,'حركة المخزن'!$V$6) -> 0 | W7: =SUMIFS('تحليل مبيعات'!H:H,'تحليل مبيعات'!C:C,'حركة المخزن'!Q7,'تحليل مبيعات'!W:W,'حركة المخزن'!$W$6) -> 0 | X7: =SUMIFS('تحليل مبيعات'!H:H,'تحليل مبيعات'!C:C,'حركة المخزن'!Q7,'تحليل مبيعات'!W:W,'حركة المخزن'!$X$6) -> 1 | Y7: =SUMIFS('تحليل مبيعات'!H:H,'تحليل مبيعات'!C:C,'حركة المخزن'!Q7,'تحليل مبيعات'!W:W,'حركة المخزن'!$Y$6) -> 0 | Z7: =SUMIFS('تحليل مبيعات'!H:H,'تحليل مبيعات'!C:C,'حركة المخزن'!Q7,'تحليل مبيعات'!W:W,'حركة المخزن'!$Z$6) -> 0 | AA7: =SUMIFS('تحليل مبيعات'!H:H,'تحليل مبيعات'!C:C,'حركة المخزن'!Q7,'تحليل مبيعات'!W:W,'حركة المخزن'!$AA$6) -> 0 | AB7: =SUMIFS('تحليل مبيعات'!H:H,'تحليل مبيعات'!C:C,'حركة المخزن'!Q7,'تحليل مبيعات'!W:W,'حركة المخزن'!$AB$6) -> 0 | AC7: =SUMIFS('تحليل مبيعات'!H:H,'تحليل مبيعات'!C:C,'حركة المخزن'!Q7,'تحليل مبيعات'!W:W,'حركة المخزن'!$AC$6) -> 0 | AD7: =SUM(R7:AC7) -> 1
B8: اكسليرا 13/175/70 | C8: C0001 | D8: كاوتش | E8: 5 | F8: 1000 | G8: 0 | H8: 0 | I8: =IFERROR(IF(SUMIF('تحليل مبيعات'!C:C, 'حركة المخزن'!B8, 'تحليل مبيعات'!H:H)=0,"",SUMIF('تحليل مبيعات'!C:C, 'حركة المخزن'!B8, 'تحليل مبيعات'!H:H)),"") -> 5 | J8: =IFERROR(IF(SUMIF('تحليل مبيعات'!C:C, 'حركة المخزن'!B8, 'تحليل مبيعات'!L:L)=0,"",SUMIF('تحليل مبيعات'!C:C, 'حركة المخزن'!B8, 'تحليل مبيعات'!L:L)),"") -> 8850 | K8: =IFERROR(E8+G8-I8,"") -> 0 | L8: =IFERROR(F8+H8-J8,"") -> -7850 | M8: 5 | N8: =IF(K8<M8,"أعادة الطلب","يوجد رصيد كافى") -> أعادة الطلب | O8: 100 | Q8: اكسليرا 13/175/70 | R8: =SUMIFS('تحليل مبيعات'!H:H,'تحليل مبيعات'!C:C,'حركة المخزن'!Q8,'تحليل مبيعات'!W:W,'حركة المخزن'!$R$6) -> 0 | S8: =SUMIFS('تحليل مبيعات'!H:H,'تحليل مبيعات'!C:C,'حركة المخزن'!Q8,'تحليل مبيعات'!W:W,'حركة المخزن'!$S$6) -> 0 | T8: =SUMIFS('تحليل مبيعات'!H:H,'تحليل مبيعات'!C:C,'حركة المخزن'!Q8,'تحليل مبيعات'!W:W,'حركة المخزن'!$T$6) -> 0 | U8: =SUMIFS('تحليل مبيعات'!H:H,'تحليل مبيعات'!C:C,'حركة المخزن'!Q8,'تحليل مبيعات'!W:W,'حركة المخزن'!$U$6) -> 0 | V8: =SUMIFS('تحليل مبيعات'!H:H,'تحليل مبيعات'!C:C,'حركة المخزن'!Q8,'تحليل مبيعات'!W:W,'حركة المخزن'!$V$6) -> 0 | W8: =SUMIFS('تحليل مبيعات'!H:H,'تحليل مبيعات'!C:C,'حركة المخزن'!Q8,'تحليل مبيعات'!W:W,'حركة المخزن'!$W$6) -> 1 | X8: =SUMIFS('تحليل مبيعات'!H:H,'تحليل مبيعات'!C:C,'حركة المخزن'!Q8,'تحليل مبيعات'!W:W,'حركة المخزن'!$X$6) -> 4 | Y8: =SUMIFS('تحليل مبيعات'!H:H,'تحليل مبيعات'!C:C,'حركة المخزن'!Q8,'تحليل مبيعات'!W:W,'حركة المخزن'!$Y$6) -> 0 | Z8: =SUMIFS('تحليل مبيعات'!H:H,'تحليل مبيعات'!C:C,'حركة المخزن'!Q8,'تحليل مبيعات'!W:W,'حركة المخزن'!$Z$6) -> 0 | AA8: =SUMIFS('تحليل مبيعات'!H:H,'تحليل مبيعات'!C:C,'حركة المخزن'!Q8,'تحليل مبيعات'!W:W,'حركة المخزن'!$AA$6) -> 0 | AB8: =SUMIFS('تحليل مبيعات'!H:H,'تحليل مبيعات'!C:C,'حركة المخزن'!Q8,'تحليل مبيعات'!W:W,'حركة المخزن'!$AB$6) -> 0 | AC8: =SUMIFS('تحليل مبيعات'!H:H,'تحليل مبيعات'!C:C,'حركة المخزن'!Q8,'تحليل مبيعات'!W:W,'حركة المخزن'!$AC$6) -> 0 | AD8: =SUM(R8:AC8) -> 5
B9: اكسليرا 15/195/65 | C9: C0002 | D9: كاوتش | E9: 5 | F9: 1000 | G9: 0 | H9: 0 | I9: =IFERROR(IF(SUMIF('تحليل مبيعات'!C:C, 'حركة المخزن'!B9, 'تحليل مبيعات'!H:H)=0,"",SUMIF('تحليل مبيعات'!C:C, 'حركة المخزن'!B9, 'تحليل مبيعات'!H:H)),"") -> 2 | J9: =IFERROR(IF(SUMIF('تحليل مبيعات'!C:C, 'حركة المخزن'!B9, 'تحليل مبيعات'!L:L)=0,"",SUMIF('تحليل مبيعات'!C:C, 'حركة المخزن'!B9, 'تحليل مبيعات'!L:L)),"") -> 4500 | K9: =IFERROR(E9+G9-I9,"") -> 3 | L9: =IFERROR(F9+H9-J9,"") -> -3500 | M9: 5 | N9: =IF(K9<M9,"أعادة الطلب","يوجد رصيد كافى") -> أعادة الطلب | O9: 200 | Q9: بلف كتينة | R9: =SUMIFS('تحليل مبيعات'!H:H,'تحليل مبيعات'!C:C,'حركة المخزن'!Q9,'تحليل مبيعات'!W:W,'حركة المخزن'!$R$6) -> 0 | S9: =SUMIFS('تحليل مبيعات'!H:H,'تحليل مبيعات'!C:C,'حركة المخزن'!Q9,'تحليل مبيعات'!W:W,'حركة المخزن'!$S$6) -> 0 | T9: =SUMIFS('تحليل مبيعات'!H:H,'تحليل مبيعات'!C:C,'حركة المخزن'!Q9,'تحليل مبيعات'!W:W,'حركة المخزن'!$T$6) -> 0 | U9: =SUMIFS('تحليل مبيعات'!H:H,'تحليل مبيعات'!C:C,'حركة المخزن'!Q9,'تحليل مبيعات'!W:W,'حركة المخزن'!$U$6) -> 0 | V9: =SUMIFS('تحليل مبيعات'!H:H,'تحليل مبيعات'!C:C,'حركة المخزن'!Q9,'تحليل مبيعات'!W:W,'حركة المخزن'!$V$6) -> 0 | W9: =SUMIFS('تحليل مبيعات'!H:H,'تحليل مبيعات'!C:C,'حركة المخزن'!Q9,'تحليل مبيعات'!W:W,'حركة المخزن'!$W$6) -> 0 | X9: =SUMIFS('تحليل مبيعات'!H:H,'تحليل مبيعات'!C:C,'حركة المخزن'!Q9,'تحليل مبيعات'!W:W,'حركة المخزن'!$X$6) -> 17 | Y9: =SUMIFS('تحليل مبيعات'!H:H,'تحليل مبيعات'!C:C,'حركة المخزن'!Q9,'تحليل مبيعات'!W:W,'حركة المخزن'!$Y$6) -> 0 | Z9: =SUMIFS('تحليل مبيعات'!H:H,'تحليل مبيعات'!C:C,'حركة المخزن'!Q9,'تحليل مبيعات'!W:W,'حركة المخزن'!$Z$6) -> 0 | AA9: =SUMIFS('تحليل مبيعات'!H:H,'تحليل مبيعات'!C:C,'حركة المخزن'!Q9,'تحليل مبيعات'!W:W,'حركة المخزن'!$AA$6) -> 0 | AB9: =SUMIFS('تحليل مبيعات'!H:H,'تحليل مبيعات'!C:C,'حركة المخزن'!Q9,'تحليل مبيعات'!W:W,'حركة المخزن'!$AB$6) -> 0 | AC9: =SUMIFS('تحليل مبيعات'!H:H,'تحليل مبيعات'!C:C,'حركة المخزن'!Q9,'تحليل مبيعات'!W:W,'حركة المخزن'!$AC$6) -> 0 | AD9: =SUM(R9:AC9) -> 17
B10: NOZA ECO 15/185/65 كاوتش سومو اكينا صينى | C10: C0003 | D10: كاوتش | E10: 5 | F10: 1000 | G10: 0 | H10: 0 | I10: =IFERROR(IF(SUMIF('تحليل مبيعات'!C:C, 'حركة المخزن'!B10, 'تحليل مبيعات'!H:H)=0,"",SUMIF('تحليل مبيعات'!C:C, 'حركة المخزن'!B10, 'تحليل مبيعات'!H:H)),"") -> 6 | J10: =IFERROR(IF(SUMIF('تحليل مبيعات'!C:C, 'حركة المخزن'!B10, 'تحليل مبيعات'!L:L)=0,"",SUMIF('تحليل مبيعات'!C:C, 'حركة المخزن'!B10, 'تحليل مبيعات'!L:L)),"") -> 11100 | K10: =IFERROR(E10+G10-I10,"") -> -1 | L10: =IFERROR(F10+H10-J10,"") -> -10100 | M10: 5 | N10: =IF(K10<M10,"أعادة الطلب","يوجد رصيد كافى") -> أعادة الطلب | O10: 100 | Q10: مروحة تويوتا عريضة | R10: =SUMIFS('تحليل مبيعات'!H:H,'تحليل مبيعات'!C:C,'حركة المخزن'!Q10,'تحليل مبيعات'!W:W,'حركة المخزن'!$R$6) -> 0 | S10: =SUMIFS('تحليل مبيعات'!H:H,'تحليل مبيعات'!C:C,'حركة المخزن'!Q10,'تحليل مبيعات'!W:W,'حركة المخزن'!$S$6) -> 0 | T10: =SUMIFS('تحليل مبيعات'!H:H,'تحليل مبيعات'!C:C,'حركة المخزن'!Q10,'تحليل مبيعات'!W:W,'حركة المخزن'!$T$6) -> 0 | U10: =SUMIFS('تحليل مبيعات'!H:H,'تحليل مبيعات'!C:C,'حركة المخزن'!Q10,'تحليل مبيعات'!W:W,'حركة المخزن'!$U$6) -> 0 | V10: =SUMIFS('تحليل مبيعات'!H:H,'تحليل مبيعات'!C:C,'حركة المخزن'!Q10,'تحليل مبيعات'!W:W,'حركة المخزن'!$V$6) -> 0 | W10: =SUMIFS('تحليل مبيعات'!H:H,'تحليل مبيعات'!C:C,'حركة المخزن'!Q10,'تحليل مبيعات'!W:W,'حركة المخزن'!$W$6) -> 0 | X10: =SUMIFS('تحليل مبيعات'!H:H,'تحليل مبيعات'!C:C,'حركة المخزن'!Q10,'تحليل مبيعات'!W:W,'حركة المخزن'!$X$6) -> 7 | Y10: =SUMIFS('تحليل مبيعات'!H:H,'تحليل مبيعات'!C:C,'حركة المخزن'!Q10,'تحليل مبيعات'!W:W,'حركة المخزن'!$Y$6) -> 0 | Z10: =SUMIFS('تحليل مبيعات'!H:H,'تحليل مبيعات'!C:C,'حركة المخزن'!Q10,'تحليل مبيعات'!W:W,'حركة المخزن'!$Z$6) -> 0 | AA10: =SUMIFS('تحليل مبيعات'!H:H,'تحليل مبيعات'!C:C,'حركة المخزن'!Q10,'تحليل مبيعات'!W:W,'حركة المخزن'!$AA$6) -> 0 | AB10: =SUMIFS('تحليل مبيعات'!H:H,'تحليل مبيعات'!C:C,'حركة المخزن'!Q10,'تحليل مبيعات'!W:W,'حركة المخزن'!$AB$6) -> 0 | AC10: =SUMIFS('تحليل مبيعات'!H:H,'تحليل مبيعات'!C:C,'حركة المخزن'!Q10,'تحليل مبيعات'!W:W,'حركة المخزن'!$AC$6) -> 0 | AD10: =SUM(R10:AC10) -> 7
B11: فيتور خط ابيض 14/195 عريض | C11: C0004 | D11: كاوتش | E11: 5 | F11: 1000 | G11: 0 | H11: 0 | I11: =IFERROR(IF(SUMIF('تحليل مبيعات'!C:C, 'حركة المخزن'!B11, 'تحليل مبيعات'!H:H)=0,"",SUMIF('تحليل مبيعات'!C:C, 'حركة المخزن'!B11, 'تحليل مبيعات'!H:H)),"") -> 13 | J11: =IFERROR(IF(SUMIF('تحليل مبيعات'!C:C, 'حركة المخزن'!B11, 'تحليل مبيعات'!L:L)=0,"",SUMIF('تحليل مبيعات'!C:C, 'حركة المخزن'!B11, 'تحليل مبيعات'!L:L)),"") -> 49100 | K11: =IFERROR(E11+G11-I11,"") -> -8 | L11: =IFERROR(F11+H11-J11,"") -> -48100 | M11: 5 | N11: =IF(K11<M11,"أعادة الطلب","يوجد رصيد كافى") -> أعادة الطلب | O11: 50 | Q11: قميص رداتير | R11: =SUMIFS('تحليل مبيعات'!H:H,'تحليل مبيعات'!C:C,'حركة المخزن'!Q11,'تحليل مبيعات'!W:W,'حركة المخزن'!$R$6) -> 0 | S11: =SUMIFS('تحليل مبيعات'!H:H,'تحليل مبيعات'!C:C,'حركة المخزن'!Q11,'تحليل مبيعات'!W:W,'حركة المخزن'!$S$6) -> 0 | T11: =SUMIFS('تحليل مبيعات'!H:H,'تحليل مبيعات'!C:C,'حركة المخزن'!Q11,'تحليل مبيعات'!W:W,'حركة المخزن'!$T$6) -> 0 | U11: =SUMIFS('تحليل مبيعات'!H:H,'تحليل مبيعات'!C:C,'حركة المخزن'!Q11,'تحليل مبيعات'!W:W,'حركة المخزن'!$U$6) -> 0 | V11: =SUMIFS('تحليل مبيعات'!H:H,'تحليل مبيعات'!C:C,'حركة المخزن'!Q11,'تحليل مبيعات'!W:W,'حركة المخزن'!$V$6) -> 0 | W11: =SUMIFS('تحليل مبيعات'!H:H,'تحليل مبيعات'!C:C,'حركة المخزن'!Q11,'تحليل مبيعات'!W:W,'حركة المخزن'!$W$6) -> 0 | X11: =SUMIFS('تحليل مبيعات'!H:H,'تحليل مبيعات'!C:C,'حركة المخزن'!Q11,'تحليل مبيعات'!W:W,'حركة المخزن'!$X$6) -> 8 | Y11: =SUMIFS('تحليل مبيعات'!H:H,'تحليل مبيعات'!C:C,'حركة المخزن'!Q11,'تحليل مبيعات'!W:W,'حركة المخزن'!$Y$6) -> 0 | Z11: =SUMIFS('تحليل مبيعات'!H:H,'تحليل مبيعات'!C:C,'حركة المخزن'!Q11,'تحليل مبيعات'!W:W,'حركة المخزن'!$Z$6) -> 0 | AA11: =SUMIFS('تحليل مبيعات'!H:H,'تحليل مبيعات'!C:C,'حركة المخزن'!Q11,'تحليل مبيعات'!W:W,'حركة المخزن'!$AA$6) -> 0 | AB11: =SUMIFS('تحليل مبيعات'!H:H,'تحليل مبيعات'!C:C,'حركة المخزن'!Q11,'تحليل مبيعات'!W:W,'حركة المخزن'!$AB$6) -> 0 | AC11: =SUMIFS('تحليل مبيعات'!H:H,'تحليل مبيعات'!C:C,'حركة المخزن'!Q11,'تحليل مبيعات'!W:W,'حركة المخزن'!$AC$6) -> 0 | AD11: =SUM(R11:AC11) -> 8
B12: 14/5/114 جنط سبور صينى تويوتا غاطس SLP LG20-VL | C12: C0005 | D12: كاوتش | E12: 5 | F12: 1000 | G12: 0 | H12: 0 | I12: =IFERROR(IF(SUMIF('تحليل مبيعات'!C:C, 'حركة المخزن'!B12, 'تحليل مبيعات'!H:H)=0,"",SUMIF('تحليل مبيعات'!C:C, 'حركة المخزن'!B12, 'تحليل مبيعات'!H:H)),"") -> 4 | J12: =IFERROR(IF(SUMIF('تحليل مبيعات'!C:C, 'حركة المخزن'!B12, 'تحليل مبيعات'!L:L)=0,"",SUMIF('تحليل مبيعات'!C:C, 'حركة المخزن'!B12, 'تحليل مبيعات'!L:L)),"") -> 30700 | K12: =IFERROR(E12+G12-I12,"") -> 1 | L12: =IFERROR(F12+H12-J12,"") -> -29700 | M12: 5 | N12: =IF(K12<M12,"أعادة الطلب","يوجد رصيد كافى") -> أعادة الطلب | O12: 50 | Q12: طقم جوان تويوتا | R12: =SUMIFS('تحليل مبيعات'!H:H,'تحليل مبيعات'!C:C,'حركة المخزن'!Q12,'تحليل مبيعات'!W:W,'حركة المخزن'!$R$6) -> 0 | S12: =SUMIFS('تحليل مبيعات'!H:H,'تحليل مبيعات'!C:C,'حركة المخزن'!Q12,'تحليل مبيعات'!W:W,'حركة المخزن'!$S$6) -> 0 | T12: =SUMIFS('تحليل مبيعات'!H:H,'تحليل مبيعات'!C:C,'حركة المخزن'!Q12,'تحليل مبيعات'!W:W,'حركة المخزن'!$T$6) -> 0 | U12: =SUMIFS('تحليل مبيعات'!H:H,'تحليل مبيعات'!C:C,'حركة المخزن'!Q12,'تحليل مبيعات'!W:W,'حركة المخزن'!$U$6) -> 0 | V12: =SUMIFS('تحليل مبيعات'!H:H,'تحليل مبيعات'!C:C,'حركة المخزن'!Q12,'تحليل مبيعات'!W:W,'حركة المخزن'!$V$6) -> 0 | W12: =SUMIFS('تحليل مبيعات'!H:H,'تحليل مبيعات'!C:C,'حركة المخزن'!Q12,'تحليل مبيعات'!W:W,'حركة المخزن'!$W$6) -> 0 | X12: =SUMIFS('تحليل مبيعات'!H:H,'تحليل مبيعات'!C:C,'حركة المخزن'!Q12,'تحليل مبيعات'!W:W,'حركة المخزن'!$X$6) -> 3 | Y12: =SUMIFS('تحليل مبيعات'!H:H,'تحليل مبيعات'!C:C,'حركة المخزن'!Q12,'تحليل مبيعات'!W:W,'حركة المخزن'!$Y$6) -> 0 | Z12: =SUMIFS('تحليل مبيعات'!H:H,'تحليل مبيعات'!C:C,'حركة المخزن'!Q12,'تحليل مبيعات'!W:W,'حركة المخزن'!$Z$6) -> 0 | AA12: =SUMIFS('تحليل مبيعات'!H:H,'تحليل مبيعات'!C:C,'حركة المخزن'!Q12,'تحليل مبيعات'!W:W,'حركة المخزن'!$AA$6) -> 0 | AB12: =SUMIFS('تحليل مبيعات'!H:H,'تحليل مبيعات'!C:C,'حركة المخزن'!Q12,'تحليل مبيعات'!W:W,'حركة المخزن'!$AB$6) -> 0 | AC12: =SUMIFS('تحليل مبيعات'!H:H,'تحليل مبيعات'!C:C,'حركة المخزن'!Q12,'تحليل مبيعات'!W:W,'حركة المخزن'!$AC$6) -> 0 | AD12: =SUM(R12:AC12) -> 3
B13: 14/5/114 جنط سبور صينى تويوتا غاطس | C13: C0006 | D13: كاوتش | E13: 5 | F13: 1000 | G13: 0 | H13: 0 | I13: =IFERROR(IF(SUMIF('تحليل مبيعات'!C:C, 'حركة المخزن'!B13, 'تحليل مبيعات'!H:H)=0,"",SUMIF('تحليل مبيعات'!C:C, 'حركة المخزن'!B13, 'تحليل مبيعات'!H:H)),"") -> 4 | J13: =IFERROR(IF(SUMIF('تحليل مبيعات'!C:C, 'حركة المخزن'!B13, 'تحليل مبيعات'!L:L)=0,"",SUMIF('تحليل مبيعات'!C:C, 'حركة المخزن'!B13, 'تحليل مبيعات'!L:L)),"") -> 15500 | K13: =IFERROR(E13+G13-I13,"") -> 1 | L13: =IFERROR(F13+H13-J13,"") -> -14500 | M13: 5 | N13: =IF(K13<M13,"أعادة الطلب","يوجد رصيد كافى") -> أعادة الطلب | O13: 40 | Q13: طقم تيل امامى | R13: =SUMIFS('تحليل مبيعات'!H:H,'تحليل مبيعات'!C:C,'حركة المخزن'!Q13,'تحليل مبيعات'!W:W,'حركة المخزن'!$R$6) -> 0 | S13: =SUMIFS('تحليل مبيعات'!H:H,'تحليل مبيعات'!C:C,'حركة المخزن'!Q13,'تحليل مبيعات'!W:W,'حركة المخزن'!$S$6) -> 0 | T13: =SUMIFS('تحليل مبيعات'!H:H,'تحليل مبيعات'!C:C,'حركة المخزن'!Q13,'تحليل مبيعات'!W:W,'حركة المخزن'!$T$6) -> 0 | U13: =SUMIFS('تحليل مبيعات'!H:H,'تحليل مبيعات'!C:C,'حركة المخزن'!Q13,'تحليل مبيعات'!W:W,'حركة المخزن'!$U$6) -> 0 | V13: =SUMIFS('تحليل مبيعات'!H:H,'تحليل مبيعات'!C:C,'حركة المخزن'!Q13,'تحليل مبيعات'!W:W,'حركة المخزن'!$V$6) -> 0 | W13: =SUMIFS('تحليل مبيعات'!H:H,'تحليل مبيعات'!C:C,'حركة المخزن'!Q13,'تحليل مبيعات'!W:W,'حركة المخزن'!$W$6) -> 0 | X13: =SUMIFS('تحليل مبيعات'!H:H,'تحليل مبيعات'!C:C,'حركة المخزن'!Q13,'تحليل مبيعات'!W:W,'حركة المخزن'!$X$6) -> 8 | Y13: =SUMIFS('تحليل مبيعات'!H:H,'تحليل مبيعات'!C:C,'حركة المخزن'!Q13,'تحليل مبيعات'!W:W,'حركة المخزن'!$Y$6) -> 0 | Z13: =SUMIFS('تحليل مبيعات'!H:H,'تحليل مبيعات'!C:C,'حركة المخزن'!Q13,'تحليل مبيعات'!W:W,'حركة المخزن'!$Z$6) -> 0 | AA13: =SUMIFS('تحليل مبيعات'!H:H,'تحليل مبيعات'!C:C,'حركة المخزن'!Q13,'تحليل مبيعات'!W:W,'حركة المخزن'!$AA$6) -> 0 | AB13: =SUMIFS('تحليل مبيعات'!H:H,'تحليل مبيعات'!C:C,'حركة المخزن'!Q13,'تحليل مبيعات'!W:W,'حركة المخزن'!$AB$6) -> 0 | AC13: =SUMIFS('تحليل مبيعات'!H:H,'تحليل مبيعات'!C:C,'حركة المخزن'!Q13,'تحليل مبيعات'!W:W,'حركة المخزن'!$AC$6) -> 0 | AD13: =SUM(R13:AC13) -> 8
B14: فيتور خط ابيض 14/195 كنزة | C14: C0007 | D14: كاوتش | E14: 5 | F14: 1000 | G14: 0 | H14: 0 | I14: =IFERROR(IF(SUMIF('تحليل مبيعات'!C:C, 'حركة المخزن'!B14, 'تحليل مبيعات'!H:H)=0,"",SUMIF('تحليل مبيعات'!C:C, 'حركة المخزن'!B14, 'تحليل مبيعات'!H:H)),"") -> 2 | J14: =IFERROR(IF(SUMIF('تحليل مبيعات'!C:C, 'حركة المخزن'!B14, 'تحليل مبيعات'!L:L)=0,"",SUMIF('تحليل مبيعات'!C:C, 'حركة المخزن'!B14, 'تحليل مبيعات'!L:L)),"") -> 6400 | K14: =IFERROR(E14+G14-I14,"") -> 3 | L14: =IFERROR(F14+H14-J14,"") -> -5400 | M14: 5 | N14: =IF(K14<M14,"أعادة الطلب","يوجد رصيد كافى") -> أعادة الطلب | O14: 100 | Q14: غطاء تنك | R14: =SUMIFS('تحليل مبيعات'!H:H,'تحليل مبيعات'!C:C,'حركة المخزن'!Q14,'تحليل مبيعات'!W:W,'حركة المخزن'!$R$6) -> 0 | S14: =SUMIFS('تحليل مبيعات'!H:H,'تحليل مبيعات'!C:C,'حركة المخزن'!Q14,'تحليل مبيعات'!W:W,'حركة المخزن'!$S$6) -> 0 | T14: =SUMIFS('تحليل مبيعات'!H:H,'تحليل مبيعات'!C:C,'حركة المخزن'!Q14,'تحليل مبيعات'!W:W,'حركة المخزن'!$T$6) -> 0 | U14: =SUMIFS('تحليل مبيعات'!H:H,'تحليل مبيعات'!C:C,'حركة المخزن'!Q14,'تحليل مبيعات'!W:W,'حركة المخزن'!$U$6) -> 0 | V14: =SUMIFS('تحليل مبيعات'!H:H,'تحليل مبيعات'!C:C,'حركة المخزن'!Q14,'تحليل مبيعات'!W:W,'حركة المخزن'!$V$6) -> 0 | W14: =SUMIFS('تحليل مبيعات'!H:H,'تحليل مبيعات'!C:C,'حركة المخزن'!Q14,'تحليل مبيعات'!W:W,'حركة المخزن'!$W$6) -> 0 | X14: =SUMIFS('تحليل مبيعات'!H:H,'تحليل مبيعات'!C:C,'حركة المخزن'!Q14,'تحليل مبيعات'!W:W,'حركة المخزن'!$X$6) -> 1 | Y14: =SUMIFS('تحليل مبيعات'!H:H,'تحليل مبيعات'!C:C,'حركة المخزن'!Q14,'تحليل مبيعات'!W:W,'حركة المخزن'!$Y$6) -> 0 | Z14: =SUMIFS('تحليل مبيعات'!H:H,'تحليل مبيعات'!C:C,'حركة المخزن'!Q14,'تحليل مبيعات'!W:W,'حركة المخزن'!$Z$6) -> 0 | AA14: =SUMIFS('تحليل مبيعات'!H:H,'تحليل مبيعات'!C:C,'حركة المخزن'!Q14,'تحليل مبيعات'!W:W,'حركة المخزن'!$AA$6) -> 0 | AB14: =SUMIFS('تحليل مبيعات'!H:H,'تحليل مبيعات'!C:C,'حركة المخزن'!Q14,'تحليل مبيعات'!W:W,'حركة المخزن'!$AB$6) -> 0 | AC14: =SUMIFS('تحليل مبيعات'!H:H,'تحليل مبيعات'!C:C,'حركة المخزن'!Q14,'تحليل مبيعات'!W:W,'حركة المخزن'!$AC$6) -> 0 | AD14: =SUM(R14:AC14) -> 1
B15: طقم جانط 5 خرم ملاكى 15 | C15: C0008 | D15: كاوتش | E15: 5 | F15: 1000 | G15: 0 | H15: 0 | I15: =IFERROR(IF(SUMIF('تحليل مبيعات'!C:C, 'حركة المخزن'!B15, 'تحليل مبيعات'!H:H)=0,"",SUMIF('تحليل مبيعات'!C:C, 'حركة المخزن'!B15, 'تحليل مبيعات'!H:H)),"") -> 4 | J15: =IFERROR(IF(SUMIF('تحليل مبيعات'!C:C, 'حركة المخزن'!B15, 'تحليل مبيعات'!L:L)=0,"",SUMIF('تحليل مبيعات'!C:C, 'حركة المخزن'!B15, 'تحليل مبيعات'!L:L)),"") -> 22700 | K15: =IFERROR(E15+G15-I15,"") -> 1 | L15: =IFERROR(F15+H15-J15,"") -> -21700 | M15: 5 | N15: =IF(K15<M15,"أعادة الطلب","يوجد رصيد كافى") -> أعادة الطلب | O15: 200 | Q15: طقم بلية صره امامى + اويل سيل | R15: =SUMIFS('تحليل مبيعات'!H:H,'تحليل مبيعات'!C:C,'حركة المخزن'!Q15,'تحليل مبيعات'!W:W,'حركة المخزن'!$R$6) -> 0 | S15: =SUMIFS('تحليل مبيعات'!H:H,'تحليل مبيعات'!C:C,'حركة المخزن'!Q15,'تحليل مبيعات'!W:W,'حركة المخزن'!$S$6) -> 0 | T15: =SUMIFS('تحليل مبيعات'!H:H,'تحليل مبيعات'!C:C,'حركة المخزن'!Q15,'تحليل مبيعات'!W:W,'حركة المخزن'!$T$6) -> 0 | U15: =SUMIFS('تحليل مبيعات'!H:H,'تحليل مبيعات'!C:C,'حركة المخزن'!Q15,'تحليل مبيعات'!W:W,'حركة المخزن'!$U$6) -> 0 | V15: =SUMIFS('تحليل مبيعات'!H:H,'تحليل مبيعات'!C:C,'حركة المخزن'!Q15,'تحليل مبيعات'!W:W,'حركة المخزن'!$V$6) -> 0 | W15: =SUMIFS('تحليل مبيعات'!H:H,'تحليل مبيعات'!C:C,'حركة المخزن'!Q15,'تحليل مبيعات'!W:W,'حركة المخزن'!$W$6) -> 0 | X15: =SUMIFS('تحليل مبيعات'!H:H,'تحليل مبيعات'!C:C,'حركة المخزن'!Q15,'تحليل مبيعات'!W:W,'حركة المخزن'!$X$6) -> 6 | Y15: =SUMIFS('تحليل مبيعات'!H:H,'تحليل مبيعات'!C:C,'حركة المخزن'!Q15,'تحليل مبيعات'!W:W,'حركة المخزن'!$Y$6) -> 1 | Z15: =SUMIFS('تحليل مبيعات'!H:H,'تحليل مبيعات'!C:C,'حركة المخزن'!Q15,'تحليل مبيعات'!W:W,'حركة المخزن'!$Z$6) -> 0 | AA15: =SUMIFS('تحليل مبيعات'!H:H,'تحليل مبيعات'!C:C,'حركة المخزن'!Q15,'تحليل مبيعات'!W:W,'حركة المخزن'!$AA$6) -> 0 | AB15: =SUMIFS('تحليل مبيعات'!H:H,'تحليل مبيعات'!C:C,'حركة المخزن'!Q15,'تحليل مبيعات'!W:W,'حركة المخزن'!$AB$6) -> 0 | AC15: =SUMIFS('تحليل مبيعات'!H:H,'تحليل مبيعات'!C:C,'حركة المخزن'!Q15,'تحليل مبيعات'!W:W,'حركة المخزن'!$AC$6) -> 0 | AD15: =SUM(R15:AC15) -> 7
B16: فيتور خط ابيض 13/185/60 GALAXY F1 | C16: C0009 | D16: كاوتش | E16: 5 | F16: 1000 | G16: 0 | H16: 0 | I16: =IFERROR(IF(SUMIF('تحليل مبيعات'!C:C, 'حركة المخزن'!B16, 'تحليل مبيعات'!H:H)=0,"",SUMIF('تحليل مبيعات'!C:C, 'حركة المخزن'!B16, 'تحليل مبيعات'!H:H)),"") -> 4 | J16: =IFERROR(IF(SUMIF('تحليل مبيعات'!C:C, 'حركة المخزن'!B16, 'تحليل مبيعات'!L:L)=0,"",SUMIF('تحليل مبيعات'!C:C, 'حركة المخزن'!B16, 'تحليل مبيعات'!L:L)),"") -> 7200 | K16: =IFERROR(E16+G16-I16,"") -> 1 | L16: =IFERROR(F16+H16-J16,"") -> -6200 | M16: 5 | N16: =IF(K16<M16,"أعادة الطلب","يوجد رصيد كافى") -> أعادة الطلب | O16: 250 | Q16: تيل خلفى 902317 | R16: =SUMIFS('تحليل مبيعات'!H:H,'تحليل مبيعات'!C:C,'حركة المخزن'!Q16,'تحليل مبيعات'!W:W,'حركة المخزن'!$R$6) -> 0 | S16: =SUMIFS('تحليل مبيعات'!H:H,'تحليل مبيعات'!C:C,'حركة المخزن'!Q16,'تحليل مبيعات'!W:W,'حركة المخزن'!$S$6) -> 0 | T16: =SUMIFS('تحليل مبيعات'!H:H,'تحليل مبيعات'!C:C,'حركة المخزن'!Q16,'تحليل مبيعات'!W:W,'حركة المخزن'!$T$6) -> 0 | U16: =SUMIFS('تحليل مبيعات'!H:H,'تحليل مبيعات'!C:C,'حركة المخزن'!Q16,'تحليل مبيعات'!W:W,'حركة المخزن'!$U$6) -> 0 | V16: =SUMIFS('تحليل مبيعات'!H:H,'تحليل مبيعات'!C:C,'حركة المخزن'!Q16,'تحليل مبيعات'!W:W,'حركة المخزن'!$V$6) -> 0 | W16: =SUMIFS('تحليل مبيعات'!H:H,'تحليل مبيعات'!C:C,'حركة المخزن'!Q16,'تحليل مبيعات'!W:W,'حركة المخزن'!$W$6) -> 0 | X16: =SUMIFS('تحليل مبيعات'!H:H,'تحليل مبيعات'!C:C,'حركة المخزن'!Q16,'تحليل مبيعات'!W:W,'حركة المخزن'!$X$6) -> 6 | Y16: =SUMIFS('تحليل مبيعات'!H:H,'تحليل مبيعات'!C:C,'حركة المخزن'!Q16,'تحليل مبيعات'!W:W,'حركة المخزن'!$Y$6) -> 0 | Z16: =SUMIFS('تحليل مبيعات'!H:H,'تحليل مبيعات'!C:C,'حركة المخزن'!Q16,'تحليل مبيعات'!W:W,'حركة المخزن'!$Z$6) -> 0 | AA16: =SUMIFS('تحليل مبيعات'!H:H,'تحليل مبيعات'!C:C,'حركة المخزن'!Q16,'تحليل مبيعات'!W:W,'حركة المخزن'!$AA$6) -> 0 | AB16: =SUMIFS('تحليل مبيعات'!H:H,'تحليل مبيعات'!C:C,'حركة المخزن'!Q16,'تحليل مبيعات'!W:W,'حركة المخزن'!$AB$6) -> 0 | AC16: =SUMIFS('تحليل مبيعات'!H:H,'تحليل مبيعات'!C:C,'حركة المخزن'!Q16,'تحليل مبيعات'!W:W,'حركة المخزن'!$AC$6) -> 0 | AD16: =SUM(R16:AC16) -> 6
B17: فيتور 14/195 عريض | C17: C0010 | D17: كاوتش | E17: 5 | F17: 1000 | G17: 0 | H17: 0 | I17: =IFERROR(IF(SUMIF('تحليل مبيعات'!C:C, 'حركة المخزن'!B17, 'تحليل مبيعات'!H:H)=0,"",SUMIF('تحليل مبيعات'!C:C, 'حركة المخزن'!B17, 'تحليل مبيعات'!H:H)),"") -> 17 | J17: =IFERROR(IF(SUMIF('تحليل مبيعات'!C:C, 'حركة المخزن'!B17, 'تحليل مبيعات'!L:L)=0,"",SUMIF('تحليل مبيعات'!C:C, 'حركة المخزن'!B17, 'تحليل مبيعات'!L:L)),"") -> 79800 | K17: =IFERROR(E17+G17-I17,"") -> -12 | L17: =IFERROR(F17+H17-J17,"") -> -78800 | M17: 5 | N17: =IF(K17<M17,"أعادة الطلب","يوجد رصيد كافى") -> أعادة الطلب | O17: 150 | Q17: بطارية نسر 70 | R17: =SUMIFS('تحليل مبيعات'!H:H,'تحليل مبيعات'!C:C,'حركة المخزن'!Q17,'تحليل مبيعات'!W:W,'حركة المخزن'!$R$6) -> 0 | S17: =SUMIFS('تحليل مبيعات'!H:H,'تحليل مبيعات'!C:C,'حركة المخزن'!Q17,'تحليل مبيعات'!W:W,'حركة المخزن'!$S$6) -> 0 | T17: =SUMIFS('تحليل مبيعات'!H:H,'تحليل مبيعات'!C:C,'حركة المخزن'!Q17,'تحليل مبيعات'!W:W,'حركة المخزن'!$T$6) -> 0 | U17: =SUMIFS('تحليل مبيعات'!H:H,'تحليل مبيعات'!C:C,'حركة المخزن'!Q17,'تحليل مبيعات'!W:W,'حركة المخزن'!$U$6) -> 0 | V17: =SUMIFS('تحليل مبيعات'!H:H,'تحليل مبيعات'!C:C,'حركة المخزن'!Q17,'تحليل مبيعات'!W:W,'حركة المخزن'!$V$6) -> 0 | W17: =SUMIFS('تحليل مبيعات'!H:H,'تحليل مبيعات'!C:C,'حركة المخزن'!Q17,'تحليل مبيعات'!W:W,'حركة المخزن'!$W$6) -> 0 | X17: =SUMIFS('تحليل مبيعات'!H:H,'تحليل مبيعات'!C:C,'حركة المخزن'!Q17,'تحليل مبيعات'!W:W,'حركة المخزن'!$X$6) -> 1 | Y17: =SUMIFS('تحليل مبيعات'!H:H,'تحليل مبيعات'!C:C,'حركة المخزن'!Q17,'تحليل مبيعات'!W:W,'حركة المخزن'!$Y$6) -> 0 | Z17: =SUMIFS('تحليل مبيعات'!H:H,'تحليل مبيعات'!C:C,'حركة المخزن'!Q17,'تحليل مبيعات'!W:W,'حركة المخزن'!$Z$6) -> 0 | AA17: =SUMIFS('تحليل مبيعات'!H:H,'تحليل مبيعات'!C:C,'حركة المخزن'!Q17,'تحليل مبيعات'!W:W,'حركة المخزن'!$AA$6) -> 0 | AB17: =SUMIFS('تحليل مبيعات'!H:H,'تحليل مبيعات'!C:C,'حركة المخزن'!Q17,'تحليل مبيعات'!W:W,'حركة المخزن'!$AB$6) -> 0 | AC17: =SUMIFS('تحليل مبيعات'!H:H,'تحليل مبيعات'!C:C,'حركة المخزن'!Q17,'تحليل مبيعات'!W:W,'حركة المخزن'!$AC$6) -> 0 | AD17: =SUM(R17:AC17) -> 1
B18: فيتور 14/195 كنزة | C18: C0011 | D18: كاوتش | E18: 5 | F18: 1000 | G18: 0 | H18: 0 | I18: =IFERROR(IF(SUMIF('تحليل مبيعات'!C:C, 'حركة المخزن'!B18, 'تحليل مبيعات'!H:H)=0,"",SUMIF('تحليل مبيعات'!C:C, 'حركة المخزن'!B18, 'تحليل مبيعات'!H:H)),"") -> 9 | J18: =IFERROR(IF(SUMIF('تحليل مبيعات'!C:C, 'حركة المخزن'!B18, 'تحليل مبيعات'!L:L)=0,"",SUMIF('تحليل مبيعات'!C:C, 'حركة المخزن'!B18, 'تحليل مبيعات'!L:L)),"") -> 39750 | K18: =IFERROR(E18+G18-I18,"") -> -4 | L18: =IFERROR(F18+H18-J18,"") -> -38750 | M18: 5 | N18: =IF(K18<M18,"أعادة الطلب","يوجد رصيد كافى") -> أعادة الطلب | O18: 150 | Q18: شريحة اسبرتير | R18: =SUMIFS('تحليل مبيعات'!H:H,'تحليل مبيعات'!C:C,'حركة المخزن'!Q18,'تحليل مبيعات'!W:W,'حركة المخزن'!$R$6) -> 0 | S18: =SUMIFS('تحليل مبيعات'!H:H,'تحليل مبيعات'!C:C,'حركة المخزن'!Q18,'تحليل مبيعات'!W:W,'حركة المخزن'!$S$6) -> 0 | T18: =SUMIFS('تحليل مبيعات'!H:H,'تحليل مبيعات'!C:C,'حركة المخزن'!Q18,'تحليل مبيعات'!W:W,'حركة المخزن'!$T$6) -> 0 | U18: =SUMIFS('تحليل مبيعات'!H:H,'تحليل مبيعات'!C:C,'حركة المخزن'!Q18,'تحليل مبيعات'!W:W,'حركة المخزن'!$U$6) -> 0 | V18: =SUMIFS('تحليل مبيعات'!H:H,'تحليل مبيعات'!C:C,'حركة المخزن'!Q18,'تحليل مبيعات'!W:W,'حركة المخزن'!$V$6) -> 0 | W18: =SUMIFS('تحليل مبيعات'!H:H,'تحليل مبيعات'!C:C,'حركة المخزن'!Q18,'تحليل مبيعات'!W:W,'حركة المخزن'!$W$6) -> 0 | X18: =SUMIFS('تحليل مبيعات'!H:H,'تحليل مبيعات'!C:C,'حركة المخزن'!Q18,'تحليل مبيعات'!W:W,'حركة المخزن'!$X$6) -> 3 | Y18: =SUMIFS('تحليل مبيعات'!H:H,'تحليل مبيعات'!C:C,'حركة المخزن'!Q18,'تحليل مبيعات'!W:W,'حركة المخزن'!$Y$6) -> 0 | Z18: =SUMIFS('تحليل مبيعات'!H:H,'تحليل مبيعات'!C:C,'حركة المخزن'!Q18,'تحليل مبيعات'!W:W,'حركة المخزن'!$Z$6) -> 0 | AA18: =SUMIFS('تحليل مبيعات'!H:H,'تحليل مبيعات'!C:C,'حركة المخزن'!Q18,'تحليل مبيعات'!W:W,'حركة المخزن'!$AA$6) -> 0 | AB18: =SUMIFS('تحليل مبيعات'!H:H,'تحليل مبيعات'!C:C,'حركة المخزن'!Q18,'تحليل مبيعات'!W:W,'حركة المخزن'!$AB$6) -> 0 | AC18: =SUMIFS('تحليل مبيعات'!H:H,'تحليل مبيعات'!C:C,'حركة المخزن'!Q18,'تحليل مبيعات'!W:W,'حركة المخزن'!$AC$6) -> 0 | AD18: =SUM(R18:AC18) -> 3
B19: طقم جانط 14 BLP LG20-VL | C19: C0012 | D19: كاوتش | E19: 5 | F19: 1000 | G19: 0 | H19: 0 | I19: =IFERROR(IF(SUMIF('تحليل مبيعات'!C:C, 'حركة المخزن'!B19, 'تحليل مبيعات'!H:H)=0,"",SUMIF('تحليل مبيعات'!C:C, 'حركة المخزن'!B19, 'تحليل مبيعات'!H:H)),"") -> 4 | J19: =IFERROR(IF(SUMIF('تحليل مبيعات'!C:C, 'حركة المخزن'!B19, 'تحليل مبيعات'!L:L)=0,"",SUMIF('تحليل مبيعات'!C:C, 'حركة المخزن'!B19, 'تحليل مبيعات'!L:L)),"") -> 17650 | K19: =IFERROR(E19+G19-I19,"") -> 1 | L19: =IFERROR(F19+H19-J19,"") -> -16650 | M19: 5 | N19: =IF(K19<M19,"أعادة الطلب","يوجد رصيد كافى") -> أعادة الطلب | O19: 125 | Q19: بطارية كلورايد 70 | R19: =SUMIFS('تحليل مبيعات'!H:H,'تحليل مبيعات'!C:C,'حركة المخزن'!Q19,'تحليل مبيعات'!W:W,'حركة المخزن'!$R$6) -> 0 | S19: =SUMIFS('تحليل مبيعات'!H:H,'تحليل مبيعات'!C:C,'حركة المخزن'!Q19,'تحليل مبيعات'!W:W,'حركة المخزن'!$S$6) -> 0 | T19: =SUMIFS('تحليل مبيعات'!H:H,'تحليل مبيعات'!C:C,'حركة المخزن'!Q19,'تحليل مبيعات'!W:W,'حركة المخزن'!$T$6) -> 0 | U19: =SUMIFS('تحليل مبيعات'!H:H,'تحليل مبيعات'!C:C,'حركة المخزن'!Q19,'تحليل مبيعات'!W:W,'حركة المخزن'!$U$6) -> 0 | V19: =SUMIFS('تحليل مبيعات'!H:H,'تحليل مبيعات'!C:C,'حركة المخزن'!Q19,'تحليل مبيعات'!W:W,'حركة المخزن'!$V$6) -> 0 | W19: =SUMIFS('تحليل مبيعات'!H:H,'تحليل مبيعات'!C:C,'حركة المخزن'!Q19,'تحليل مبيعات'!W:W,'حركة المخزن'!$W$6) -> 0 | X19: =SUMIFS('تحليل مبيعات'!H:H,'تحليل مبيعات'!C:C,'حركة المخزن'!Q19,'تحليل مبيعات'!W:W,'حركة المخزن'!$X$6) -> 3 | Y19: =SUMIFS('تحليل مبيعات'!H:H,'تحليل مبيعات'!C:C,'حركة المخزن'!Q19,'تحليل مبيعات'!W:W,'حركة المخزن'!$Y$6) -> 0 | Z19: =SUMIFS('تحليل مبيعات'!H:H,'تحليل مبيعات'!C:C,'حركة المخزن'!Q19,'تحليل مبيعات'!W:W,'حركة المخزن'!$Z$6) -> 0 | AA19: =SUMIFS('تحليل مبيعات'!H:H,'تحليل مبيعات'!C:C,'حركة المخزن'!Q19,'تحليل مبيعات'!W:W,'حركة المخزن'!$AA$6) -> 0 | AB19: =SUMIFS('تحليل مبيعات'!H:H,'تحليل مبيعات'!C:C,'حركة المخزن'!Q19,'تحليل مبيعات'!W:W,'حركة المخزن'!$AB$6) -> 0 | AC19: =SUMIFS('تحليل مبيعات'!H:H,'تحليل مبيعات'!C:C,'حركة المخزن'!Q19,'تحليل مبيعات'!W:W,'حركة المخزن'!$AC$6) -> 0 | AD19: =SUM(R19:AC19) -> 3
... B107: كوستبان | C107: C0100 | D107: قطع غيار | E107: 10 | F107: 10000 | G107: 0 | H107: 0 | I107: =IFERROR(IF(SUMIF('تحليل مبيعات'!C:C, 'حركة المخزن'!B107, 'تحليل مبيعات'!H:H)=0,"",SUMIF('تحليل مبيعات'!C:C, 'حركة المخزن'!B107, 'تحليل مبيعات'!H:H)),"") -> 1 | J107: =IFERROR(IF(SUMIF('تحليل مبيعات'!C:C, 'حركة المخزن'!B107, 'تحليل مبيعات'!L:L)=0,"",SUMIF('تحليل مبيعات'!C:C, 'حركة المخزن'!B107, 'تحليل مبيعات'!L:L)),"") -> 800 | K107: =IFERROR(E107+G107-I107,"") -> 9 | L107: =IFERROR(F107+H107-J107,"") -> 9200 | M107: 5 | N107: =IF(K107<M107,"أعادة الطلب","يوجد رصيد كافى") -> يوجد رصيد كافى | O107: 195 | Q107: بازبوز مسحات طقم | R107: =SUMIFS('تحليل مبيعات'!H:H,'تحليل مبيعات'!C:C,'حركة المخزن'!Q107,'تحليل مبيعات'!W:W,'حركة المخزن'!$R$6) -> 0 | S107: =SUMIFS('تحليل مبيعات'!H:H,'تحليل مبيعات'!C:C,'حركة المخزن'!Q107,'تحليل مبيعات'!W:W,'حركة المخزن'!$S$6) -> 0 | T107: =SUMIFS('تحليل مبيعات'!H:H,'تحليل مبيعات'!C:C,'حركة المخزن'!Q107,'تحليل مبيعات'!W:W,'حركة المخزن'!$T$6) -> 0 | U107: =SUMIFS('تحليل مبيعات'!H:H,'تحليل مبيعات'!C:C,'حركة المخزن'!Q107,'تحليل مبيعات'!W:W,'حركة المخزن'!$U$6) -> 0 | V107: =SUMIFS('تحليل مبيعات'!H:H,'تحليل مبيعات'!C:C,'حركة المخزن'!Q107,'تحليل مبيعات'!W:W,'حركة المخزن'!$V$6) -> 0 | W107: =SUMIFS('تحليل مبيعات'!H:H,'تحليل مبيعات'!C:C,'حركة المخزن'!Q107,'تحليل مبيعات'!W:W,'حركة المخزن'!$W$6) -> 0 | X107: =SUMIFS('تحليل مبيعات'!H:H,'تحليل مبيعات'!C:C,'حركة المخزن'!Q107,'تحليل مبيعات'!W:W,'حركة المخزن'!$X$6) -> 2 | Y107: =SUMIFS('تحليل مبيعات'!H:H,'تحليل مبيعات'!C:C,'حركة المخزن'!Q107,'تحليل مبيعات'!W:W,'حركة المخزن'!$Y$6) -> 0 | Z107: =SUMIFS('تحليل مبيعات'!H:H,'تحليل مبيعات'!C:C,'حركة المخزن'!Q107,'تحليل مبيعات'!W:W,'حركة المخزن'!$Z$6) -> 0 | AA107: =SUMIFS('تحليل مبيعات'!H:H,'تحليل مبيعات'!C:C,'حركة المخزن'!Q107,'تحليل مبيعات'!W:W,'حركة المخزن'!$AA$6) -> 0 | AB107: =SUMIFS('تحليل مبيعات'!H:H,'تحليل مبيعات'!C:C,'حركة المخزن'!Q107,'تحليل مبيعات'!W:W,'حركة المخزن'!$AB$6) -> 0 | AC107: =SUMIFS('تحليل مبيعات'!H:H,'تحليل مبيعات'!C:C,'حركة المخزن'!Q107,'تحليل مبيعات'!W:W,'حركة المخزن'!$AC$6) -> 0 | AD107: =SUM(R107:AC107) -> 2
B108: بلية دبرياج عالية | C108: C0101 | D108: قطع غيار | E108: 10 | F108: 10000 | G108: =IFERROR(IF(SUMIF(المشتريات!C:C, 'حركة المخزن'!B108, المشتريات!F:F)=0,"",SUMIF(المشتريات!C:C, 'حركة المخزن'!B108, المشتريات!F:F)),"0") | H108: =IFERROR(IF(SUMIF(المشتريات!C:C, 'حركة المخزن'!B108, المشتريات!I:I)=0,"",SUMIF(المشتريات!C:C, 'حركة المخزن'!B108, المشتريات!I:I)),"0") | I108: =IFERROR(IF(SUMIF('تحليل مبيعات'!C:C, 'حركة المخزن'!B108, 'تحليل مبيعات'!H:H)=0,"",SUMIF('تحليل مبيعات'!C:C, 'حركة المخزن'!B108, 'تحليل مبيعات'!H:H)),"") -> 4 | J108: =IFERROR(IF(SUMIF('تحليل مبيعات'!C:C, 'حركة المخزن'!B108, 'تحليل مبيعات'!L:L)=0,"",SUMIF('تحليل مبيعات'!C:C, 'حركة المخزن'!B108, 'تحليل مبيعات'!L:L)),"") -> 770 | K108: =IFERROR(E108+G108-I108,"") | L108: =IFERROR(F108+H108-J108,"") | M108: 5 | N108: =IF(K108<M108,"أعادة الطلب","يوجد رصيد كافى") -> يوجد رصيد كافى | O108: 200 | Q108: طقم سلم باب جان بى | R108: =SUMIFS('تحليل مبيعات'!H:H,'تحليل مبيعات'!C:C,'حركة المخزن'!Q108,'تحليل مبيعات'!W:W,'حركة المخزن'!$R$6) -> 0 | S108: =SUMIFS('تحليل مبيعات'!H:H,'تحليل مبيعات'!C:C,'حركة المخزن'!Q108,'تحليل مبيعات'!W:W,'حركة المخزن'!$S$6) -> 0 | T108: =SUMIFS('تحليل مبيعات'!H:H,'تحليل مبيعات'!C:C,'حركة المخزن'!Q108,'تحليل مبيعات'!W:W,'حركة المخزن'!$T$6) -> 0 | U108: =SUMIFS('تحليل مبيعات'!H:H,'تحليل مبيعات'!C:C,'حركة المخزن'!Q108,'تحليل مبيعات'!W:W,'حركة المخزن'!$U$6) -> 0 | V108: =SUMIFS('تحليل مبيعات'!H:H,'تحليل مبيعات'!C:C,'حركة المخزن'!Q108,'تحليل مبيعات'!W:W,'حركة المخزن'!$V$6) -> 0 | W108: =SUMIFS('تحليل مبيعات'!H:H,'تحليل مبيعات'!C:C,'حركة المخزن'!Q108,'تحليل مبيعات'!W:W,'حركة المخزن'!$W$6) -> 0 | X108: =SUMIFS('تحليل مبيعات'!H:H,'تحليل مبيعات'!C:C,'حركة المخزن'!Q108,'تحليل مبيعات'!W:W,'حركة المخزن'!$X$6) -> 2 | Y108: =SUMIFS('تحليل مبيعات'!H:H,'تحليل مبيعات'!C:C,'حركة المخزن'!Q108,'تحليل مبيعات'!W:W,'حركة المخزن'!$Y$6) -> 0 | Z108: =SUMIFS('تحليل مبيعات'!H:H,'تحليل مبيعات'!C:C,'حركة المخزن'!Q108,'تحليل مبيعات'!W:W,'حركة المخزن'!$Z$6) -> 0 | AA108: =SUMIFS('تحليل مبيعات'!H:H,'تحليل مبيعات'!C:C,'حركة المخزن'!Q108,'تحليل مبيعات'!W:W,'حركة المخزن'!$AA$6) -> 0 | AB108: =SUMIFS('تحليل مبيعات'!H:H,'تحليل مبيعات'!C:C,'حركة المخزن'!Q108,'تحليل مبيعات'!W:W,'حركة المخزن'!$AB$6) -> 0 | AC108: =SUMIFS('تحليل مبيعات'!H:H,'تحليل مبيعات'!C:C,'حركة المخزن'!Q108,'تحليل مبيعات'!W:W,'حركة المخزن'!$AC$6) -> 0 | AD108: =SUM(R108:AC108) -> 2
B109: جنط تويوتا 5 خرم | C109: C0102 | D109: قطع غيار | E109: 10 | F109: 10000 | G109: =IFERROR(IF(SUMIF(المشتريات!C:C, 'حركة المخزن'!B109, المشتريات!F:F)=0,"",SUMIF(المشتريات!C:C, 'حركة المخزن'!B109, المشتريات!F:F)),"0") | H109: =IFERROR(IF(SUMIF(المشتريات!C:C, 'حركة المخزن'!B109, المشتريات!I:I)=0,"",SUMIF(المشتريات!C:C, 'حركة المخزن'!B109, المشتريات!I:I)),"0") | I109: =IFERROR(IF(SUMIF('تحليل مبيعات'!C:C, 'حركة المخزن'!B109, 'تحليل مبيعات'!H:H)=0,"",SUMIF('تحليل مبيعات'!C:C, 'حركة المخزن'!B109, 'تحليل مبيعات'!H:H)),"") -> 8 | J109: =IFERROR(IF(SUMIF('تحليل مبيعات'!C:C, 'حركة المخزن'!B109, 'تحليل مبيعات'!L:L)=0,"",SUMIF('تحليل مبيعات'!C:C, 'حركة المخزن'!B109, 'تحليل مبيعات'!L:L)),"") -> 9000 | K109: =IFERROR(E109+G109-I109,"") | L109: =IFERROR(F109+H109-J109,"") | M109: 5 | N109: =IF(K109<M109,"أعادة الطلب","يوجد رصيد كافى") -> يوجد رصيد كافى | O109: 205 | Q109: فانوس اشارة شمال فطيم | R109: =SUMIFS('تحليل مبيعات'!H:H,'تحليل مبيعات'!C:C,'حركة المخزن'!Q109,'تحليل مبيعات'!W:W,'حركة المخزن'!$R$6) -> 0 | S109: =SUMIFS('تحليل مبيعات'!H:H,'تحليل مبيعات'!C:C,'حركة المخزن'!Q109,'تحليل مبيعات'!W:W,'حركة المخزن'!$S$6) -> 0 | T109: =SUMIFS('تحليل مبيعات'!H:H,'تحليل مبيعات'!C:C,'حركة المخزن'!Q109,'تحليل مبيعات'!W:W,'حركة المخزن'!$T$6) -> 0 | U109: =SUMIFS('تحليل مبيعات'!H:H,'تحليل مبيعات'!C:C,'حركة المخزن'!Q109,'تحليل مبيعات'!W:W,'حركة المخزن'!$U$6) -> 0 | V109: =SUMIFS('تحليل مبيعات'!H:H,'تحليل مبيعات'!C:C,'حركة المخزن'!Q109,'تحليل مبيعات'!W:W,'حركة المخزن'!$V$6) -> 0 | W109: =SUMIFS('تحليل مبيعات'!H:H,'تحليل مبيعات'!C:C,'حركة المخزن'!Q109,'تحليل مبيعات'!W:W,'حركة المخزن'!$W$6) -> 0 | X109: =SUMIFS('تحليل مبيعات'!H:H,'تحليل مبيعات'!C:C,'حركة المخزن'!Q109,'تحليل مبيعات'!W:W,'حركة المخزن'!$X$6) -> 2 | Y109: =SUMIFS('تحليل مبيعات'!H:H,'تحليل مبيعات'!C:C,'حركة المخزن'!Q109,'تحليل مبيعات'!W:W,'حركة المخزن'!$Y$6) -> 0 | Z109: =SUMIFS('تحليل مبيعات'!H:H,'تحليل مبيعات'!C:C,'حركة المخزن'!Q109,'تحليل مبيعات'!W:W,'حركة المخزن'!$Z$6) -> 0 | AA109: =SUMIFS('تحليل مبيعات'!H:H,'تحليل مبيعات'!C:C,'حركة المخزن'!Q109,'تحليل مبيعات'!W:W,'حركة المخزن'!$AA$6) -> 0 | AB109: =SUMIFS('تحليل مبيعات'!H:H,'تحليل مبيعات'!C:C,'حركة المخزن'!Q109,'تحليل مبيعات'!W:W,'حركة المخزن'!$AB$6) -> 0 | AC109: =SUMIFS('تحليل مبيعات'!H:H,'تحليل مبيعات'!C:C,'حركة المخزن'!Q109,'تحليل مبيعات'!W:W,'حركة المخزن'!$AC$6) -> 0 | AD109: =SUM(R109:AC109) -> 2
B110: فانوس اشارة يمين فطيم | C110: C0103 | D110: قطع غيار | E110: 10 | F110: 10000 | G110: =IFERROR(IF(SUMIF(المشتريات!C:C, 'حركة المخزن'!B110, المشتريات!F:F)=0,"",SUMIF(المشتريات!C:C, 'حركة المخزن'!B110, المشتريات!F:F)),"0") | H110: =IFERROR(IF(SUMIF(المشتريات!C:C, 'حركة المخزن'!B110, المشتريات!I:I)=0,"",SUMIF(المشتريات!C:C, 'حركة المخزن'!B110, المشتريات!I:I)),"0") | I110: =IFERROR(IF(SUMIF('تحليل مبيعات'!C:C, 'حركة المخزن'!B110, 'تحليل مبيعات'!H:H)=0,"",SUMIF('تحليل مبيعات'!C:C, 'حركة المخزن'!B110, 'تحليل مبيعات'!H:H)),"") -> 2 | J110: =IFERROR(IF(SUMIF('تحليل مبيعات'!C:C, 'حركة المخزن'!B110, 'تحليل مبيعات'!L:L)=0,"",SUMIF('تحليل مبيعات'!C:C, 'حركة المخزن'!B110, 'تحليل مبيعات'!L:L)),"") -> 500 | K110: =IFERROR(E110+G110-I110,"") | L110: =IFERROR(F110+H110-J110,"") | M110: 5 | N110: =IF(K110<M110,"أعادة الطلب","يوجد رصيد كافى") -> يوجد رصيد كافى | O110: 210 | Q110: شبكة تعديل سوداء | R110: =SUMIFS('تحليل مبيعات'!H:H,'تحليل مبيعات'!C:C,'حركة المخزن'!Q110,'تحليل مبيعات'!W:W,'حركة المخزن'!$R$6) -> 0 | S110: =SUMIFS('تحليل مبيعات'!H:H,'تحليل مبيعات'!C:C,'حركة المخزن'!Q110,'تحليل مبيعات'!W:W,'حركة المخزن'!$S$6) -> 0 | T110: =SUMIFS('تحليل مبيعات'!H:H,'تحليل مبيعات'!C:C,'حركة المخزن'!Q110,'تحليل مبيعات'!W:W,'حركة المخزن'!$T$6) -> 0 | U110: =SUMIFS('تحليل مبيعات'!H:H,'تحليل مبيعات'!C:C,'حركة المخزن'!Q110,'تحليل مبيعات'!W:W,'حركة المخزن'!$U$6) -> 0 | V110: =SUMIFS('تحليل مبيعات'!H:H,'تحليل مبيعات'!C:C,'حركة المخزن'!Q110,'تحليل مبيعات'!W:W,'حركة المخزن'!$V$6) -> 0 | W110: =SUMIFS('تحليل مبيعات'!H:H,'تحليل مبيعات'!C:C,'حركة المخزن'!Q110,'تحليل مبيعات'!W:W,'حركة المخزن'!$W$6) -> 0 | X110: =SUMIFS('تحليل مبيعات'!H:H,'تحليل مبيعات'!C:C,'حركة المخزن'!Q110,'تحليل مبيعات'!W:W,'حركة المخزن'!$X$6) -> 2 | Y110: =SUMIFS('تحليل مبيعات'!H:H,'تحليل مبيعات'!C:C,'حركة المخزن'!Q110,'تحليل مبيعات'!W:W,'حركة المخزن'!$Y$6) -> 0 | Z110: =SUMIFS('تحليل مبيعات'!H:H,'تحليل مبيعات'!C:C,'حركة المخزن'!Q110,'تحليل مبيعات'!W:W,'حركة المخزن'!$Z$6) -> 0 | AA110: =SUMIFS('تحليل مبيعات'!H:H,'تحليل مبيعات'!C:C,'حركة المخزن'!Q110,'تحليل مبيعات'!W:W,'حركة المخزن'!$AA$6) -> 0 | AB110: =SUMIFS('تحليل مبيعات'!H:H,'تحليل مبيعات'!C:C,'حركة المخزن'!Q110,'تحليل مبيعات'!W:W,'حركة المخزن'!$AB$6) -> 0 | AC110: =SUMIFS('تحليل مبيعات'!H:H,'تحليل مبيعات'!C:C,'حركة المخزن'!Q110,'تحليل مبيعات'!W:W,'حركة المخزن'!$AC$6) -> 0 | AD110: =SUM(R110:AC110) -> 2
B111: اويل سيل كرونة | C111: C0104 | D111: قطع غيار | E111: 10 | F111: 10000 | G111: =IFERROR(IF(SUMIF(المشتريات!C:C, 'حركة المخزن'!B111, المشتريات!F:F)=0,"",SUMIF(المشتريات!C:C, 'حركة المخزن'!B111, المشتريات!F:F)),"0") | H111: =IFERROR(IF(SUMIF(المشتريات!C:C, 'حركة المخزن'!B111, المشتريات!I:I)=0,"",SUMIF(المشتريات!C:C, 'حركة المخزن'!B111, المشتريات!I:I)),"0") | I111: =IFERROR(IF(SUMIF('تحليل مبيعات'!C:C, 'حركة المخزن'!B111, 'تحليل مبيعات'!H:H)=0,"",SUMIF('تحليل مبيعات'!C:C, 'حركة المخزن'!B111, 'تحليل مبيعات'!H:H)),"") -> 2 | J111: =IFERROR(IF(SUMIF('تحليل مبيعات'!C:C, 'حركة المخزن'!B111, 'تحليل مبيعات'!L:L)=0,"",SUMIF('تحليل مبيعات'!C:C, 'حركة المخزن'!B111, 'تحليل مبيعات'!L:L)),"") -> 140 | K111: =IFERROR(E111+G111-I111,"") | L111: =IFERROR(F111+H111-J111,"") | M111: 5 | N111: =IF(K111<M111,"أعادة الطلب","يوجد رصيد كافى") -> يوجد رصيد كافى | O111: 215 | Q111: بطارية كلورايد 70 فيلدا | R111: =SUMIFS('تحليل مبيعات'!H:H,'تحليل مبيعات'!C:C,'حركة المخزن'!Q111,'تحليل مبيعات'!W:W,'حركة المخزن'!$R$6) -> 0 | S111: =SUMIFS('تحليل مبيعات'!H:H,'تحليل مبيعات'!C:C,'حركة المخزن'!Q111,'تحليل مبيعات'!W:W,'حركة المخزن'!$S$6) -> 0 | T111: =SUMIFS('تحليل مبيعات'!H:H,'تحليل مبيعات'!C:C,'حركة المخزن'!Q111,'تحليل مبيعات'!W:W,'حركة المخزن'!$T$6) -> 0 | U111: =SUMIFS('تحليل مبيعات'!H:H,'تحليل مبيعات'!C:C,'حركة المخزن'!Q111,'تحليل مبيعات'!W:W,'حركة المخزن'!$U$6) -> 0 | V111: =SUMIFS('تحليل مبيعات'!H:H,'تحليل مبيعات'!C:C,'حركة المخزن'!Q111,'تحليل مبيعات'!W:W,'حركة المخزن'!$V$6) -> 0 | W111: =SUMIFS('تحليل مبيعات'!H:H,'تحليل مبيعات'!C:C,'حركة المخزن'!Q111,'تحليل مبيعات'!W:W,'حركة المخزن'!$W$6) -> 0 | X111: =SUMIFS('تحليل مبيعات'!H:H,'تحليل مبيعات'!C:C,'حركة المخزن'!Q111,'تحليل مبيعات'!W:W,'حركة المخزن'!$X$6) -> 1 | Y111: =SUMIFS('تحليل مبيعات'!H:H,'تحليل مبيعات'!C:C,'حركة المخزن'!Q111,'تحليل مبيعات'!W:W,'حركة المخزن'!$Y$6) -> 1 | Z111: =SUMIFS('تحليل مبيعات'!H:H,'تحليل مبيعات'!C:C,'حركة المخزن'!Q111,'تحليل مبيعات'!W:W,'حركة المخزن'!$Z$6) -> 0 | AA111: =SUMIFS('تحليل مبيعات'!H:H,'تحليل مبيعات'!C:C,'حركة المخزن'!Q111,'تحليل مبيعات'!W:W,'حركة المخزن'!$AA$6) -> 0 | AB111: =SUMIFS('تحليل مبيعات'!H:H,'تحليل مبيعات'!C:C,'حركة المخزن'!Q111,'تحليل مبيعات'!W:W,'حركة المخزن'!$AB$6) -> 0 | AC111: =SUMIFS('تحليل مبيعات'!H:H,'تحليل مبيعات'!C:C,'حركة المخزن'!Q111,'تحليل مبيعات'!W:W,'حركة المخزن'!$AC$6) -> 0 | AD111: =SUM(R111:AC111) -> 2
B112: اويل سيل فتيس خلفى | C112: C0105 | D112: قطع غيار | E112: 10 | F112: 10000 | G112: =IFERROR(IF(SUMIF(المشتريات!C:C, 'حركة المخزن'!B112, المشتريات!F:F)=0,"",SUMIF(المشتريات!C:C, 'حركة المخزن'!B112, المشتريات!F:F)),"0") | H112: =IFERROR(IF(SUMIF(المشتريات!C:C, 'حركة المخزن'!B112, المشتريات!I:I)=0,"",SUMIF(المشتريات!C:C, 'حركة المخزن'!B112, المشتريات!I:I)),"0") | I112: =IFERROR(IF(SUMIF('تحليل مبيعات'!C:C, 'حركة المخزن'!B112, 'تحليل مبيعات'!H:H)=0,"",SUMIF('تحليل مبيعات'!C:C, 'حركة المخزن'!B112, 'تحليل مبيعات'!H:H)),"") -> 1 | J112: =IFERROR(IF(SUMIF('تحليل مبيعات'!C:C, 'حركة المخزن'!B112, 'تحليل مبيعات'!L:L)=0,"",SUMIF('تحليل مبيعات'!C:C, 'حركة المخزن'!B112, 'تحليل مبيعات'!L:L)),"") -> 70 | K112: =IFERROR(E112+G112-I112,"") | L112: =IFERROR(F112+H112-J112,"") | M112: 5 | N112: =IF(K112<M112,"أعادة الطلب","يوجد رصيد كافى") -> يوجد رصيد كافى | O112: 220 | Q112: اكصدام امامى | R112: =SUMIFS('تحليل مبيعات'!H:H,'تحليل مبيعات'!C:C,'حركة المخزن'!Q112,'تحليل مبيعات'!W:W,'حركة المخزن'!$R$6) -> 0 | S112: =SUMIFS('تحليل مبيعات'!H:H,'تحليل مبيعات'!C:C,'حركة المخزن'!Q112,'تحليل مبيعات'!W:W,'حركة المخزن'!$S$6) -> 0 | T112: =SUMIFS('تحليل مبيعات'!H:H,'تحليل مبيعات'!C:C,'حركة المخزن'!Q112,'تحليل مبيعات'!W:W,'حركة المخزن'!$T$6) -> 0 | U112: =SUMIFS('تحليل مبيعات'!H:H,'تحليل مبيعات'!C:C,'حركة المخزن'!Q112,'تحليل مبيعات'!W:W,'حركة المخزن'!$U$6) -> 0 | V112: =SUMIFS('تحليل مبيعات'!H:H,'تحليل مبيعات'!C:C,'حركة المخزن'!Q112,'تحليل مبيعات'!W:W,'حركة المخزن'!$V$6) -> 0 | W112: =SUMIFS('تحليل مبيعات'!H:H,'تحليل مبيعات'!C:C,'حركة المخزن'!Q112,'تحليل مبيعات'!W:W,'حركة المخزن'!$W$6) -> 0 | X112: =SUMIFS('تحليل مبيعات'!H:H,'تحليل مبيعات'!C:C,'حركة المخزن'!Q112,'تحليل مبيعات'!W:W,'حركة المخزن'!$X$6) -> 2 | Y112: =SUMIFS('تحليل مبيعات'!H:H,'تحليل مبيعات'!C:C,'حركة المخزن'!Q112,'تحليل مبيعات'!W:W,'حركة المخزن'!$Y$6) -> 2 | Z112: =SUMIFS('تحليل مبيعات'!H:H,'تحليل مبيعات'!C:C,'حركة المخزن'!Q112,'تحليل مبيعات'!W:W,'حركة المخزن'!$Z$6) -> 0 | AA112: =SUMIFS('تحليل مبيعات'!H:H,'تحليل مبيعات'!C:C,'حركة المخزن'!Q112,'تحليل مبيعات'!W:W,'حركة المخزن'!$AA$6) -> 0 | AB112: =SUMIFS('تحليل مبيعات'!H:H,'تحليل مبيعات'!C:C,'حركة المخزن'!Q112,'تحليل مبيعات'!W:W,'حركة المخزن'!$AB$6) -> 0 | AC112: =SUMIFS('تحليل مبيعات'!H:H,'تحليل مبيعات'!C:C,'حركة المخزن'!Q112,'تحليل مبيعات'!W:W,'حركة المخزن'!$AC$6) -> 0 | AD112: =SUM(R112:AC112) -> 4
B113: جلبة مقص سفلى وسط | C113: C0106 | D113: قطع غيار | E113: 10 | F113: 10000 | G113: =IFERROR(IF(SUMIF(المشتريات!C:C, 'حركة المخزن'!B113, المشتريات!F:F)=0,"",SUMIF(المشتريات!C:C, 'حركة المخزن'!B113, المشتريات!F:F)),"0") | H113: =IFERROR(IF(SUMIF(المشتريات!C:C, 'حركة المخزن'!B113, المشتريات!I:I)=0,"",SUMIF(المشتريات!C:C, 'حركة المخزن'!B113, المشتريات!I:I)),"0") | I113: =IFERROR(IF(SUMIF('تحليل مبيعات'!C:C, 'حركة المخزن'!B113, 'تحليل مبيعات'!H:H)=0,"",SUMIF('تحليل مبيعات'!C:C, 'حركة المخزن'!B113, 'تحليل مبيعات'!H:H)),"") -> 2 | J113: =IFERROR(IF(SUMIF('تحليل مبيعات'!C:C, 'حركة المخزن'!B113, 'تحليل مبيعات'!L:L)=0,"",SUMIF('تحليل مبيعات'!C:C, 'حركة المخزن'!B113, 'تحليل مبيعات'!L:L)),"") -> 350 | K113: =IFERROR(E113+G113-I113,"") | L113: =IFERROR(F113+H113-J113,"") | M113: 5 | N113: =IF(K113<M113,"أعادة الطلب","يوجد رصيد كافى") -> يوجد رصيد كافى | O113: 225 | Q113: طقم فانوس شبورة جان بى | R113: =SUMIFS('تحليل مبيعات'!H:H,'تحليل مبيعات'!C:C,'حركة المخزن'!Q113,'تحليل مبيعات'!W:W,'حركة المخزن'!$R$6) -> 0 | S113: =SUMIFS('تحليل مبيعات'!H:H,'تحليل مبيعات'!C:C,'حركة المخزن'!Q113,'تحليل مبيعات'!W:W,'حركة المخزن'!$S$6) -> 0 | T113: =SUMIFS('تحليل مبيعات'!H:H,'تحليل مبيعات'!C:C,'حركة المخزن'!Q113,'تحليل مبيعات'!W:W,'حركة المخزن'!$T$6) -> 0 | U113: =SUMIFS('تحليل مبيعات'!H:H,'تحليل مبيعات'!C:C,'حركة المخزن'!Q113,'تحليل مبيعات'!W:W,'حركة المخزن'!$U$6) -> 0 | V113: =SUMIFS('تحليل مبيعات'!H:H,'تحليل مبيعات'!C:C,'حركة المخزن'!Q113,'تحليل مبيعات'!W:W,'حركة المخزن'!$V$6) -> 0 | W113: =SUMIFS('تحليل مبيعات'!H:H,'تحليل مبيعات'!C:C,'حركة المخزن'!Q113,'تحليل مبيعات'!W:W,'حركة المخزن'!$W$6) -> 0 | X113: =SUMIFS('تحليل مبيعات'!H:H,'تحليل مبيعات'!C:C,'حركة المخزن'!Q113,'تحليل مبيعات'!W:W,'حركة المخزن'!$X$6) -> 1 | Y113: =SUMIFS('تحليل مبيعات'!H:H,'تحليل مبيعات'!C:C,'حركة المخزن'!Q113,'تحليل مبيعات'!W:W,'حركة المخزن'!$Y$6) -> 0 | Z113: =SUMIFS('تحليل مبيعات'!H:H,'تحليل مبيعات'!C:C,'حركة المخزن'!Q113,'تحليل مبيعات'!W:W,'حركة المخزن'!$Z$6) -> 0 | AA113: =SUMIFS('تحليل مبيعات'!H:H,'تحليل مبيعات'!C:C,'حركة المخزن'!Q113,'تحليل مبيعات'!W:W,'حركة المخزن'!$AA$6) -> 0 | AB113: =SUMIFS('تحليل مبيعات'!H:H,'تحليل مبيعات'!C:C,'حركة المخزن'!Q113,'تحليل مبيعات'!W:W,'حركة المخزن'!$AB$6) -> 0 | AC113: =SUMIFS('تحليل مبيعات'!H:H,'تحليل مبيعات'!C:C,'حركة المخزن'!Q113,'تحليل مبيعات'!W:W,'حركة المخزن'!$AC$6) -> 0 | AD113: =SUM(R113:AC113) -> 1
B114: جلبة مقص علوى كبير | C114: C0107 | D114: قطع غيار | E114: 10 | F114: 10000 | G114: =IFERROR(IF(SUMIF(المشتريات!C:C, 'حركة المخزن'!B114, المشتريات!F:F)=0,"",SUMIF(المشتريات!C:C, 'حركة المخزن'!B114, المشتريات!F:F)),"0") | H114: =IFERROR(IF(SUMIF(المشتريات!C:C, 'حركة المخزن'!B114, المشتريات!I:I)=0,"",SUMIF(المشتريات!C:C, 'حركة المخزن'!B114, المشتريات!I:I)),"0") | I114: =IFERROR(IF(SUMIF('تحليل مبيعات'!C:C, 'حركة المخزن'!B114, 'تحليل مبيعات'!H:H)=0,"",SUMIF('تحليل مبيعات'!C:C, 'حركة المخزن'!B114, 'تحليل مبيعات'!H:H)),"") -> 2 | J114: =IFERROR(IF(SUMIF('تحليل مبيعات'!C:C, 'حركة المخزن'!B114, 'تحليل مبيعات'!L:L)=0,"",SUMIF('تحليل مبيعات'!C:C, 'حركة المخزن'!B114, 'تحليل مبيعات'!L:L)),"") -> 400 | K114: =IFERROR(E114+G114-I114,"") | L114: =IFERROR(F114+H114-J114,"") | M114: 5 | N114: =IF(K114<M114,"أعادة الطلب","يوجد رصيد كافى") -> يوجد رصيد كافى | O114: 230 | Q114: مرايا جنب هاى اس بدون قاعدة سودا شمال | R114: =SUMIFS('تحليل مبيعات'!H:H,'تحليل مبيعات'!C:C,'حركة المخزن'!Q114,'تحليل مبيعات'!W:W,'حركة المخزن'!$R$6) -> 0 | S114: =SUMIFS('تحليل مبيعات'!H:H,'تحليل مبيعات'!C:C,'حركة المخزن'!Q114,'تحليل مبيعات'!W:W,'حركة المخزن'!$S$6) -> 0 | T114: =SUMIFS('تحليل مبيعات'!H:H,'تحليل مبيعات'!C:C,'حركة المخزن'!Q114,'تحليل مبيعات'!W:W,'حركة المخزن'!$T$6) -> 0 | U114: =SUMIFS('تحليل مبيعات'!H:H,'تحليل مبيعات'!C:C,'حركة المخزن'!Q114,'تحليل مبيعات'!W:W,'حركة المخزن'!$U$6) -> 0 | V114: =SUMIFS('تحليل مبيعات'!H:H,'تحليل مبيعات'!C:C,'حركة المخزن'!Q114,'تحليل مبيعات'!W:W,'حركة المخزن'!$V$6) -> 0 | W114: =SUMIFS('تحليل مبيعات'!H:H,'تحليل مبيعات'!C:C,'حركة المخزن'!Q114,'تحليل مبيعات'!W:W,'حركة المخزن'!$W$6) -> 0 | X114: =SUMIFS('تحليل مبيعات'!H:H,'تحليل مبيعات'!C:C,'حركة المخزن'!Q114,'تحليل مبيعات'!W:W,'حركة المخزن'!$X$6) -> 1 | Y114: =SUMIFS('تحليل مبيعات'!H:H,'تحليل مبيعات'!C:C,'حركة المخزن'!Q114,'تحليل مبيعات'!W:W,'حركة المخزن'!$Y$6) -> 0 | Z114: =SUMIFS('تحليل مبيعات'!H:H,'تحليل مبيعات'!C:C,'حركة المخزن'!Q114,'تحليل مبيعات'!W:W,'حركة المخزن'!$Z$6) -> 0 | AA114: =SUMIFS('تحليل مبيعات'!H:H,'تحليل مبيعات'!C:C,'حركة المخزن'!Q114,'تحليل مبيعات'!W:W,'حركة المخزن'!$AA$6) -> 0 | AB114: =SUMIFS('تحليل مبيعات'!H:H,'تحليل مبيعات'!C:C,'حركة المخزن'!Q114,'تحليل مبيعات'!W:W,'حركة المخزن'!$AB$6) -> 0 | AC114: =SUMIFS('تحليل مبيعات'!H:H,'تحليل مبيعات'!C:C,'حركة المخزن'!Q114,'تحليل مبيعات'!W:W,'حركة المخزن'!$AC$6) -> 0 | AD114: =SUM(R114:AC114) -> 1
B115: بيض علوى تويوتا | C115: C0108 | D115: قطع غيار | E115: 10 | F115: 10000 | G115: =IFERROR(IF(SUMIF(المشتريات!C:C, 'حركة المخزن'!B115, المشتريات!F:F)=0,"",SUMIF(المشتريات!C:C, 'حركة المخزن'!B115, المشتريات!F:F)),"0") | H115: =IFERROR(IF(SUMIF(المشتريات!C:C, 'حركة المخزن'!B115, المشتريات!I:I)=0,"",SUMIF(المشتريات!C:C, 'حركة المخزن'!B115, المشتريات!I:I)),"0") | I115: =IFERROR(IF(SUMIF('تحليل مبيعات'!C:C, 'حركة المخزن'!B115, 'تحليل مبيعات'!H:H)=0,"",SUMIF('تحليل مبيعات'!C:C, 'حركة المخزن'!B115, 'تحليل مبيعات'!H:H)),"") -> 4 | J115: =IFERROR(IF(SUMIF('تحليل مبيعات'!C:C, 'حركة المخزن'!B115, 'تحليل مبيعات'!L:L)=0,"",SUMIF('تحليل مبيعات'!C:C, 'حركة المخزن'!B115, 'تحليل مبيعات'!L:L)),"") -> 700 | K115: =IFERROR(E115+G115-I115,"") | L115: =IFERROR(F115+H115-J115,"") | M115: 5 | N115: =IF(K115<M115,"أعادة الطلب","يوجد رصيد كافى") -> يوجد رصيد كافى | O115: 235 | Q115: كوعة عمه هواء | R115: =SUMIFS('تحليل مبيعات'!H:H,'تحليل مبيعات'!C:C,'حركة المخزن'!Q115,'تحليل مبيعات'!W:W,'حركة المخزن'!$R$6) -> 0 | S115: =SUMIFS('تحليل مبيعات'!H:H,'تحليل مبيعات'!C:C,'حركة المخزن'!Q115,'تحليل مبيعات'!W:W,'حركة المخزن'!$S$6) -> 0 | T115: =SUMIFS('تحليل مبيعات'!H:H,'تحليل مبيعات'!C:C,'حركة المخزن'!Q115,'تحليل مبيعات'!W:W,'حركة المخزن'!$T$6) -> 0 | U115: =SUMIFS('تحليل مبيعات'!H:H,'تحليل مبيعات'!C:C,'حركة المخزن'!Q115,'تحليل مبيعات'!W:W,'حركة المخزن'!$U$6) -> 0 | V115: =SUMIFS('تحليل مبيعات'!H:H,'تحليل مبيعات'!C:C,'حركة المخزن'!Q115,'تحليل مبيعات'!W:W,'حركة المخزن'!$V$6) -> 0 | W115: =SUMIFS('تحليل مبيعات'!H:H,'تحليل مبيعات'!C:C,'حركة المخزن'!Q115,'تحليل مبيعات'!W:W,'حركة المخزن'!$W$6) -> 0 | X115: =SUMIFS('تحليل مبيعات'!H:H,'تحليل مبيعات'!C:C,'حركة المخزن'!Q115,'تحليل مبيعات'!W:W,'حركة المخزن'!$X$6) -> 1 | Y115: =SUMIFS('تحليل مبيعات'!H:H,'تحليل مبيعات'!C:C,'حركة المخزن'!Q115,'تحليل مبيعات'!W:W,'حركة المخزن'!$Y$6) -> 0 | Z115: =SUMIFS('تحليل مبيعات'!H:H,'تحليل مبيعات'!C:C,'حركة المخزن'!Q115,'تحليل مبيعات'!W:W,'حركة المخزن'!$Z$6) -> 0 | AA115: =SUMIFS('تحليل مبيعات'!H:H,'تحليل مبيعات'!C:C,'حركة المخزن'!Q115,'تحليل مبيعات'!W:W,'حركة المخزن'!$AA$6) -> 0 | AB115: =SUMIFS('تحليل مبيعات'!H:H,'تحليل مبيعات'!C:C,'حركة المخزن'!Q115,'تحليل مبيعات'!W:W,'حركة المخزن'!$AB$6) -> 0 | AC115: =SUMIFS('تحليل مبيعات'!H:H,'تحليل مبيعات'!C:C,'حركة المخزن'!Q115,'تحليل مبيعات'!W:W,'حركة المخزن'!$AC$6) -> 0 | AD115: =SUM(R115:AC115) -> 1
B116: كاوتشة ميزان سوبر | C116: C0109 | D116: قطع غيار | E116: 10 | F116: 10000 | G116: =IFERROR(IF(SUMIF(المشتريات!C:C, 'حركة المخزن'!B116, المشتريات!F:F)=0,"",SUMIF(المشتريات!C:C, 'حركة المخزن'!B116, المشتريات!F:F)),"0") | H116: =IFERROR(IF(SUMIF(المشتريات!C:C, 'حركة المخزن'!B116, المشتريات!I:I)=0,"",SUMIF(المشتريات!C:C, 'حركة المخزن'!B116, المشتريات!I:I)),"0") | I116: =IFERROR(IF(SUMIF('تحليل مبيعات'!C:C, 'حركة المخزن'!B116, 'تحليل مبيعات'!H:H)=0,"",SUMIF('تحليل مبيعات'!C:C, 'حركة المخزن'!B116, 'تحليل مبيعات'!H:H)),"") -> 2 | J116: =IFERROR(IF(SUMIF('تحليل مبيعات'!C:C, 'حركة المخزن'!B116, 'تحليل مبيعات'!L:L)=0,"",SUMIF('تحليل مبيعات'!C:C, 'حركة المخزن'!B116, 'تحليل مبيعات'!L:L)),"") -> 100 | K116: =IFERROR(E116+G116-I116,"") | L116: =IFERROR(F116+H116-J116,"") | M116: 5 | N116: =IF(K116<M116,"أعادة الطلب","يوجد رصيد كافى") -> يوجد رصيد كافى | O116: 240 | Q116: بلية دبرياج عالية | R116: =SUMIFS('تحليل مبيعات'!H:H,'تحليل مبيعات'!C:C,'حركة المخزن'!Q116,'تحليل مبيعات'!W:W,'حركة المخزن'!$R$6) -> 0 | S116: =SUMIFS('تحليل مبيعات'!H:H,'تحليل مبيعات'!C:C,'حركة المخزن'!Q116,'تحليل مبيعات'!W:W,'حركة المخزن'!$S$6) -> 0 | T116: =SUMIFS('تحليل مبيعات'!H:H,'تحليل مبيعات'!C:C,'حركة المخزن'!Q116,'تحليل مبيعات'!W:W,'حركة المخزن'!$T$6) -> 0 | U116: =SUMIFS('تحليل مبيعات'!H:H,'تحليل مبيعات'!C:C,'حركة المخزن'!Q116,'تحليل مبيعات'!W:W,'حركة المخزن'!$U$6) -> 0 | V116: =SUMIFS('تحليل مبيعات'!H:H,'تحليل مبيعات'!C:C,'حركة المخزن'!Q116,'تحليل مبيعات'!W:W,'حركة المخزن'!$V$6) -> 0 | W116: =SUMIFS('تحليل مبيعات'!H:H,'تحليل مبيعات'!C:C,'حركة المخزن'!Q116,'تحليل مبيعات'!W:W,'حركة المخزن'!$W$6) -> 0 | X116: =SUMIFS('تحليل مبيعات'!H:H,'تحليل مبيعات'!C:C,'حركة المخزن'!Q116,'تحليل مبيعات'!W:W,'حركة المخزن'!$X$6) -> 4 | Y116: =SUMIFS('تحليل مبيعات'!H:H,'تحليل مبيعات'!C:C,'حركة المخزن'!Q116,'تحليل مبيعات'!W:W,'حركة المخزن'!$Y$6) -> 0 | Z116: =SUMIFS('تحليل مبيعات'!H:H,'تحليل مبيعات'!C:C,'حركة المخزن'!Q116,'تحليل مبيعات'!W:W,'حركة المخزن'!$Z$6) -> 0 | AA116: =SUMIFS('تحليل مبيعات'!H:H,'تحليل مبيعات'!C:C,'حركة المخزن'!Q116,'تحليل مبيعات'!W:W,'حركة المخزن'!$AA$6) -> 0 | AB116: =SUMIFS('تحليل مبيعات'!H:H,'تحليل مبيعات'!C:C,'حركة المخزن'!Q116,'تحليل مبيعات'!W:W,'حركة المخزن'!$AB$6) -> 0 | AC116: =SUMIFS('تحليل مبيعات'!H:H,'تحليل مبيعات'!C:C,'حركة المخزن'!Q116,'تحليل مبيعات'!W:W,'حركة المخزن'!$AC$6) -> 0 | AD116: =SUM(R116:AC116) -> 4
B117: خرطوم راجع باور | C117: C0110 | D117: قطع غيار | E117: 10 | F117: 10000 | G117: =IFERROR(IF(SUMIF(المشتريات!C:C, 'حركة المخزن'!B117, المشتريات!F:F)=0,"",SUMIF(المشتريات!C:C, 'حركة المخزن'!B117, المشتريات!F:F)),"0") | H117: =IFERROR(IF(SUMIF(المشتريات!C:C, 'حركة المخزن'!B117, المشتريات!I:I)=0,"",SUMIF(المشتريات!C:C, 'حركة المخزن'!B117, المشتريات!I:I)),"0") | I117: =IFERROR(IF(SUMIF('تحليل مبيعات'!C:C, 'حركة المخزن'!B117, 'تحليل مبيعات'!H:H)=0,"",SUMIF('تحليل مبيعات'!C:C, 'حركة المخزن'!B117, 'تحليل مبيعات'!H:H)),"") -> 1 | J117: =IFERROR(IF(SUMIF('تحليل مبيعات'!C:C, 'حركة المخزن'!B117, 'تحليل مبيعات'!L:L)=0,"",SUMIF('تحليل مبيعات'!C:C, 'حركة المخزن'!B117, 'تحليل مبيعات'!L:L)),"") -> 100 | K117: =IFERROR(E117+G117-I117,"") | L117: =IFERROR(F117+H117-J117,"") | M117: 5 | N117: =IF(K117<M117,"أعادة الطلب","يوجد رصيد كافى") -> يوجد رصيد كافى | O117: 245 | Q117: وش سلندر فطيم | R117: =SUMIFS('تحليل مبيعات'!H:H,'تحليل مبيعات'!C:C,'حركة المخزن'!Q117,'تحليل مبيعات'!W:W,'حركة المخزن'!$R$6) -> 0 | S117: =SUMIFS('تحليل مبيعات'!H:H,'تحليل مبيعات'!C:C,'حركة المخزن'!Q117,'تحليل مبيعات'!W:W,'حركة المخزن'!$S$6) -> 0 | T117: =SUMIFS('تحليل مبيعات'!H:H,'تحليل مبيعات'!C:C,'حركة المخزن'!Q117,'تحليل مبيعات'!W:W,'حركة المخزن'!$T$6) -> 0 | U117: =SUMIFS('تحليل مبيعات'!H:H,'تحليل مبيعات'!C:C,'حركة المخزن'!Q117,'تحليل مبيعات'!W:W,'حركة المخزن'!$U$6) -> 0 | V117: =SUMIFS('تحليل مبيعات'!H:H,'تحليل مبيعات'!C:C,'حركة المخزن'!Q117,'تحليل مبيعات'!W:W,'حركة المخزن'!$V$6) -> 0 | W117: =SUMIFS('تحليل مبيعات'!H:H,'تحليل مبيعات'!C:C,'حركة المخزن'!Q117,'تحليل مبيعات'!W:W,'حركة المخزن'!$W$6) -> 0 | X117: =SUMIFS('تحليل مبيعات'!H:H,'تحليل مبيعات'!C:C,'حركة المخزن'!Q117,'تحليل مبيعات'!W:W,'حركة المخزن'!$X$6) -> 1 | Y117: =SUMIFS('تحليل مبيعات'!H:H,'تحليل مبيعات'!C:C,'حركة المخزن'!Q117,'تحليل مبيعات'!W:W,'حركة المخزن'!$Y$6) -> 0 | Z117: =SUMIFS('تحليل مبيعات'!H:H,'تحليل مبيعات'!C:C,'حركة المخزن'!Q117,'تحليل مبيعات'!W:W,'حركة المخزن'!$Z$6) -> 0 | AA117: =SUMIFS('تحليل مبيعات'!H:H,'تحليل مبيعات'!C:C,'حركة المخزن'!Q117,'تحليل مبيعات'!W:W,'حركة المخزن'!$AA$6) -> 0 | AB117: =SUMIFS('تحليل مبيعات'!H:H,'تحليل مبيعات'!C:C,'حركة المخزن'!Q117,'تحليل مبيعات'!W:W,'حركة المخزن'!$AB$6) -> 0 | AC117: =SUMIFS('تحليل مبيعات'!H:H,'تحليل مبيعات'!C:C,'حركة المخزن'!Q117,'تحليل مبيعات'!W:W,'حركة المخزن'!$AC$6) -> 0 | AD117: =SUM(R117:AC117) -> 1
B118: بلف غطاء | C118: C0111 | D118: قطع غيار | E118: 10 | F118: 10000 | G118: =IFERROR(IF(SUMIF(المشتريات!C:C, 'حركة المخزن'!B118, المشتريات!F:F)=0,"",SUMIF(المشتريات!C:C, 'حركة المخزن'!B118, المشتريات!F:F)),"0") | H118: =IFERROR(IF(SUMIF(المشتريات!C:C, 'حركة المخزن'!B118, المشتريات!I:I)=0,"",SUMIF(المشتريات!C:C, 'حركة المخزن'!B118, المشتريات!I:I)),"0") | I118: =IFERROR(IF(SUMIF('تحليل مبيعات'!C:C, 'حركة المخزن'!B118, 'تحليل مبيعات'!H:H)=0,"",SUMIF('تحليل مبيعات'!C:C, 'حركة المخزن'!B118, 'تحليل مبيعات'!H:H)),"") -> 1 | J118: =IFERROR(IF(SUMIF('تحليل مبيعات'!C:C, 'حركة المخزن'!B118, 'تحليل مبيعات'!L:L)=0,"",SUMIF('تحليل مبيعات'!C:C, 'حركة المخزن'!B118, 'تحليل مبيعات'!L:L)),"") -> 100 | K118: =IFERROR(E118+G118-I118,"") | L118: =IFERROR(F118+H118-J118,"") | M118: 5 | N118: =IF(K118<M118,"أعادة الطلب","يوجد رصيد كافى") -> يوجد رصيد كافى | O118: 250 | Q118: فانوس اشارة يمين فطيم | R118: =SUMIFS('تحليل مبيعات'!H:H,'تحليل مبيعات'!C:C,'حركة المخزن'!Q118,'تحليل مبيعات'!W:W,'حركة المخزن'!$R$6) -> 0 | S118: =SUMIFS('تحليل مبيعات'!H:H,'تحليل مبيعات'!C:C,'حركة المخزن'!Q118,'تحليل مبيعات'!W:W,'حركة المخزن'!$S$6) -> 0 | T118: =SUMIFS('تحليل مبيعات'!H:H,'تحليل مبيعات'!C:C,'حركة المخزن'!Q118,'تحليل مبيعات'!W:W,'حركة المخزن'!$T$6) -> 0 | U118: =SUMIFS('تحليل مبيعات'!H:H,'تحليل مبيعات'!C:C,'حركة المخزن'!Q118,'تحليل مبيعات'!W:W,'حركة المخزن'!$U$6) -> 0 | V118: =SUMIFS('تحليل مبيعات'!H:H,'تحليل مبيعات'!C:C,'حركة المخزن'!Q118,'تحليل مبيعات'!W:W,'حركة المخزن'!$V$6) -> 0 | W118: =SUMIFS('تحليل مبيعات'!H:H,'تحليل مبيعات'!C:C,'حركة المخزن'!Q118,'تحليل مبيعات'!W:W,'حركة المخزن'!$W$6) -> 0 | X118: =SUMIFS('تحليل مبيعات'!H:H,'تحليل مبيعات'!C:C,'حركة المخزن'!Q118,'تحليل مبيعات'!W:W,'حركة المخزن'!$X$6) -> 1 | Y118: =SUMIFS('تحليل مبيعات'!H:H,'تحليل مبيعات'!C:C,'حركة المخزن'!Q118,'تحليل مبيعات'!W:W,'حركة المخزن'!$Y$6) -> 1 | Z118: =SUMIFS('تحليل مبيعات'!H:H,'تحليل مبيعات'!C:C,'حركة المخزن'!Q118,'تحليل مبيعات'!W:W,'حركة المخزن'!$Z$6) -> 0 | AA118: =SUMIFS('تحليل مبيعات'!H:H,'تحليل مبيعات'!C:C,'حركة المخزن'!Q118,'تحليل مبيعات'!W:W,'حركة المخزن'!$AA$6) -> 0 | AB118: =SUMIFS('تحليل مبيعات'!H:H,'تحليل مبيعات'!C:C,'حركة المخزن'!Q118,'تحليل مبيعات'!W:W,'حركة المخزن'!$AB$6) -> 0 | AC118: =SUMIFS('تحليل مبيعات'!H:H,'تحليل مبيعات'!C:C,'حركة المخزن'!Q118,'تحليل مبيعات'!W:W,'حركة المخزن'!$AC$6) -> 0 | AD118: =SUM(R118:AC118) -> 2
B119: طلمبه مياة | C119: C0112 | D119: قطع غيار | E119: 10 | F119: 10000 | G119: =IFERROR(IF(SUMIF(المشتريات!C:C, 'حركة المخزن'!B119, المشتريات!F:F)=0,"",SUMIF(المشتريات!C:C, 'حركة المخزن'!B119, المشتريات!F:F)),"0") | H119: =IFERROR(IF(SUMIF(المشتريات!C:C, 'حركة المخزن'!B119, المشتريات!I:I)=0,"",SUMIF(المشتريات!C:C, 'حركة المخزن'!B119, المشتريات!I:I)),"0") | I119: =IFERROR(IF(SUMIF('تحليل مبيعات'!C:C, 'حركة المخزن'!B119, 'تحليل مبيعات'!H:H)=0,"",SUMIF('تحليل مبيعات'!C:C, 'حركة المخزن'!B119, 'تحليل مبيعات'!H:H)),"") -> 1 | J119: =IFERROR(IF(SUMIF('تحليل مبيعات'!C:C, 'حركة المخزن'!B119, 'تحليل مبيعات'!L:L)=0,"",SUMIF('تحليل مبيعات'!C:C, 'حركة المخزن'!B119, 'تحليل مبيعات'!L:L)),"") -> 430 | K119: =IFERROR(E119+G119-I119,"") | L119: =IFERROR(F119+H119-J119,"") | M119: 5 | N119: =IF(K119<M119,"أعادة الطلب","يوجد رصيد كافى") -> يوجد رصيد كافى | O119: 255 | Q119: اويل سيل كرونة | R119: =SUMIFS('تحليل مبيعات'!H:H,'تحليل مبيعات'!C:C,'حركة المخزن'!Q119,'تحليل مبيعات'!W:W,'حركة المخزن'!$R$6) -> 0 | S119: =SUMIFS('تحليل مبيعات'!H:H,'تحليل مبيعات'!C:C,'حركة المخزن'!Q119,'تحليل مبيعات'!W:W,'حركة المخزن'!$S$6) -> 0 | T119: =SUMIFS('تحليل مبيعات'!H:H,'تحليل مبيعات'!C:C,'حركة المخزن'!Q119,'تحليل مبيعات'!W:W,'حركة المخزن'!$T$6) -> 0 | U119: =SUMIFS('تحليل مبيعات'!H:H,'تحليل مبيعات'!C:C,'حركة المخزن'!Q119,'تحليل مبيعات'!W:W,'حركة المخزن'!$U$6) -> 0 | V119: =SUMIFS('تحليل مبيعات'!H:H,'تحليل مبيعات'!C:C,'حركة المخزن'!Q119,'تحليل مبيعات'!W:W,'حركة المخزن'!$V$6) -> 0 | W119: =SUMIFS('تحليل مبيعات'!H:H,'تحليل مبيعات'!C:C,'حركة المخزن'!Q119,'تحليل مبيعات'!W:W,'حركة المخزن'!$W$6) -> 0 | X119: =SUMIFS('تحليل مبيعات'!H:H,'تحليل مبيعات'!C:C,'حركة المخزن'!Q119,'تحليل مبيعات'!W:W,'حركة المخزن'!$X$6) -> 2 | Y119: =SUMIFS('تحليل مبيعات'!H:H,'تحليل مبيعات'!C:C,'حركة المخزن'!Q119,'تحليل مبيعات'!W:W,'حركة المخزن'!$Y$6) -> 0 | Z119: =SUMIFS('تحليل مبيعات'!H:H,'تحليل مبيعات'!C:C,'حركة المخزن'!Q119,'تحليل مبيعات'!W:W,'حركة المخزن'!$Z$6) -> 0 | AA119: =SUMIFS('تحليل مبيعات'!H:H,'تحليل مبيعات'!C:C,'حركة المخزن'!Q119,'تحليل مبيعات'!W:W,'حركة المخزن'!$AA$6) -> 0 | AB119: =SUMIFS('تحليل مبيعات'!H:H,'تحليل مبيعات'!C:C,'حركة المخزن'!Q119,'تحليل مبيعات'!W:W,'حركة المخزن'!$AB$6) -> 0 | AC119: =SUMIFS('تحليل مبيعات'!H:H,'تحليل مبيعات'!C:C,'حركة المخزن'!Q119,'تحليل مبيعات'!W:W,'حركة المخزن'!$AC$6) -> 0 | AD119: =SUM(R119:AC119) -> 2
... B149: بطارية كلورايد 70 فيلدا | C149: C0142 | D149: بطارية | E149: 10 | F149: 10000 | G149: =IFERROR(IF(SUMIF(المشتريات!C:C, 'حركة المخزن'!B149, المشتريات!F:F)=0,"",SUMIF(المشتريات!C:C, 'حركة المخزن'!B149, المشتريات!F:F)),"0") | H149: =IFERROR(IF(SUMIF(المشتريات!C:C, 'حركة المخزن'!B149, المشتريات!I:I)=0,"",SUMIF(المشتريات!C:C, 'حركة المخزن'!B149, المشتريات!I:I)),"0") | I149: =IFERROR(IF(SUMIF('تحليل مبيعات'!C:C, 'حركة المخزن'!B149, 'تحليل مبيعات'!H:H)=0,"",SUMIF('تحليل مبيعات'!C:C, 'حركة المخزن'!B149, 'تحليل مبيعات'!H:H)),"") -> 2 | J149: =IFERROR(IF(SUMIF('تحليل مبيعات'!C:C, 'حركة المخزن'!B149, 'تحليل مبيعات'!L:L)=0,"",SUMIF('تحليل مبيعات'!C:C, 'حركة المخزن'!B149, 'تحليل مبيعات'!L:L)),"") -> 3200 | K149: =IFERROR(E149+G149-I149,"") | L149: =IFERROR(F149+H149-J149,"") | M149: 5 | N149: =IF(K149<M149,"أعادة الطلب","يوجد رصيد كافى") -> يوجد رصيد كافى | O149: 405 | Q149: فيتور خط ابيض 13/185/60 GALAXY F1 | R149: =SUMIFS('تحليل مبيعات'!H:H,'تحليل مبيعات'!C:C,'حركة المخزن'!Q149,'تحليل مبيعات'!W:W,'حركة المخزن'!$R$6) -> 0 | S149: =SUMIFS('تحليل مبيعات'!H:H,'تحليل مبيعات'!C:C,'حركة المخزن'!Q149,'تحليل مبيعات'!W:W,'حركة المخزن'!$S$6) -> 0 | T149: =SUMIFS('تحليل مبيعات'!H:H,'تحليل مبيعات'!C:C,'حركة المخزن'!Q149,'تحليل مبيعات'!W:W,'حركة المخزن'!$T$6) -> 0 | U149: =SUMIFS('تحليل مبيعات'!H:H,'تحليل مبيعات'!C:C,'حركة المخزن'!Q149,'تحليل مبيعات'!W:W,'حركة المخزن'!$U$6) -> 0 | V149: =SUMIFS('تحليل مبيعات'!H:H,'تحليل مبيعات'!C:C,'حركة المخزن'!Q149,'تحليل مبيعات'!W:W,'حركة المخزن'!$V$6) -> 0 | W149: =SUMIFS('تحليل مبيعات'!H:H,'تحليل مبيعات'!C:C,'حركة المخزن'!Q149,'تحليل مبيعات'!W:W,'حركة المخزن'!$W$6) -> 0 | X149: =SUMIFS('تحليل مبيعات'!H:H,'تحليل مبيعات'!C:C,'حركة المخزن'!Q149,'تحليل مبيعات'!W:W,'حركة المخزن'!$X$6) -> 4 | Y149: =SUMIFS('تحليل مبيعات'!H:H,'تحليل مبيعات'!C:C,'حركة المخزن'!Q149,'تحليل مبيعات'!W:W,'حركة المخزن'!$Y$6) -> 0 | Z149: =SUMIFS('تحليل مبيعات'!H:H,'تحليل مبيعات'!C:C,'حركة المخزن'!Q149,'تحليل مبيعات'!W:W,'حركة المخزن'!$Z$6) -> 0 | AA149: =SUMIFS('تحليل مبيعات'!H:H,'تحليل مبيعات'!C:C,'حركة المخزن'!Q149,'تحليل مبيعات'!W:W,'حركة المخزن'!$AA$6) -> 0 | AB149: =SUMIFS('تحليل مبيعات'!H:H,'تحليل مبيعات'!C:C,'حركة المخزن'!Q149,'تحليل مبيعات'!W:W,'حركة المخزن'!$AB$6) -> 0 | AC149: =SUMIFS('تحليل مبيعات'!H:H,'تحليل مبيعات'!C:C,'حركة المخزن'!Q149,'تحليل مبيعات'!W:W,'حركة المخزن'!$AC$6) -> 0 | AD149: =SUM(R149:AC149) -> 4
B150: موبية اسبراتير داخلية | C150: C0143 | E150: 10 | F150: 10000 | G150: =IFERROR(IF(SUMIF(المشتريات!C:C, 'حركة المخزن'!B150, المشتريات!F:F)=0,"",SUMIF(المشتريات!C:C, 'حركة المخزن'!B150, المشتريات!F:F)),"0") | H150: =IFERROR(IF(SUMIF(المشتريات!C:C, 'حركة المخزن'!B150, المشتريات!I:I)=0,"",SUMIF(المشتريات!C:C, 'حركة المخزن'!B150, المشتريات!I:I)),"0") | I150: =IFERROR(IF(SUMIF('تحليل مبيعات'!C:C, 'حركة المخزن'!B150, 'تحليل مبيعات'!H:H)=0,"",SUMIF('تحليل مبيعات'!C:C, 'حركة المخزن'!B150, 'تحليل مبيعات'!H:H)),"") -> 2 | J150: =IFERROR(IF(SUMIF('تحليل مبيعات'!C:C, 'حركة المخزن'!B150, 'تحليل مبيعات'!L:L)=0,"",SUMIF('تحليل مبيعات'!C:C, 'حركة المخزن'!B150, 'تحليل مبيعات'!L:L)),"") | K150: =IFERROR(E150+G150-I150,"") | L150: =IFERROR(F150+H150-J150,"") | M150: 5 | N150: =IF(K150<M150,"أعادة الطلب","يوجد رصيد كافى") -> يوجد رصيد كافى | O150: 100 | Q150: قاعدة موتور فطيم | R150: =SUMIFS('تحليل مبيعات'!H:H,'تحليل مبيعات'!C:C,'حركة المخزن'!Q150,'تحليل مبيعات'!W:W,'حركة المخزن'!$R$6) -> 0 | S150: =SUMIFS('تحليل مبيعات'!H:H,'تحليل مبيعات'!C:C,'حركة المخزن'!Q150,'تحليل مبيعات'!W:W,'حركة المخزن'!$S$6) -> 0 | T150: =SUMIFS('تحليل مبيعات'!H:H,'تحليل مبيعات'!C:C,'حركة المخزن'!Q150,'تحليل مبيعات'!W:W,'حركة المخزن'!$T$6) -> 0 | U150: =SUMIFS('تحليل مبيعات'!H:H,'تحليل مبيعات'!C:C,'حركة المخزن'!Q150,'تحليل مبيعات'!W:W,'حركة المخزن'!$U$6) -> 0 | V150: =SUMIFS('تحليل مبيعات'!H:H,'تحليل مبيعات'!C:C,'حركة المخزن'!Q150,'تحليل مبيعات'!W:W,'حركة المخزن'!$V$6) -> 0 | W150: =SUMIFS('تحليل مبيعات'!H:H,'تحليل مبيعات'!C:C,'حركة المخزن'!Q150,'تحليل مبيعات'!W:W,'حركة المخزن'!$W$6) -> 0 | X150: =SUMIFS('تحليل مبيعات'!H:H,'تحليل مبيعات'!C:C,'حركة المخزن'!Q150,'تحليل مبيعات'!W:W,'حركة المخزن'!$X$6) -> 1 | Y150: =SUMIFS('تحليل مبيعات'!H:H,'تحليل مبيعات'!C:C,'حركة المخزن'!Q150,'تحليل مبيعات'!W:W,'حركة المخزن'!$Y$6) -> 0 | Z150: =SUMIFS('تحليل مبيعات'!H:H,'تحليل مبيعات'!C:C,'حركة المخزن'!Q150,'تحليل مبيعات'!W:W,'حركة المخزن'!$Z$6) -> 0 | AA150: =SUMIFS('تحليل مبيعات'!H:H,'تحليل مبيعات'!C:C,'حركة المخزن'!Q150,'تحليل مبيعات'!W:W,'حركة المخزن'!$AA$6) -> 0 | AB150: =SUMIFS('تحليل مبيعات'!H:H,'تحليل مبيعات'!C:C,'حركة المخزن'!Q150,'تحليل مبيعات'!W:W,'حركة المخزن'!$AB$6) -> 0 | AC150: =SUMIFS('تحليل مبيعات'!H:H,'تحليل مبيعات'!C:C,'حركة المخزن'!Q150,'تحليل مبيعات'!W:W,'حركة المخزن'!$AC$6) -> 0 | AD150: =SUM(R150:AC150) -> 1
B151: شريحة اسبرتير /مشط | C151: C0144 | E151: 10 | F151: 10000 | G151: =IFERROR(IF(SUMIF(المشتريات!C:C, 'حركة المخزن'!B151, المشتريات!F:F)=0,"",SUMIF(المشتريات!C:C, 'حركة المخزن'!B151, المشتريات!F:F)),"0") | H151: =IFERROR(IF(SUMIF(المشتريات!C:C, 'حركة المخزن'!B151, المشتريات!I:I)=0,"",SUMIF(المشتريات!C:C, 'حركة المخزن'!B151, المشتريات!I:I)),"0") | I151: =IFERROR(IF(SUMIF('تحليل مبيعات'!C:C, 'حركة المخزن'!B151, 'تحليل مبيعات'!H:H)=0,"",SUMIF('تحليل مبيعات'!C:C, 'حركة المخزن'!B151, 'تحليل مبيعات'!H:H)),"") -> 1 | J151: =IFERROR(IF(SUMIF('تحليل مبيعات'!C:C, 'حركة المخزن'!B151, 'تحليل مبيعات'!L:L)=0,"",SUMIF('تحليل مبيعات'!C:C, 'حركة المخزن'!B151, 'تحليل مبيعات'!L:L)),"") | K151: =IFERROR(E151+G151-I151,"") | L151: =IFERROR(F151+H151-J151,"") | M151: 5 | N151: =IF(K151<M151,"أعادة الطلب","يوجد رصيد كافى") -> يوجد رصيد كافى | O151: 120 | Q151: باغة فانوس خلفى كريستال هاى اس شمال | R151: =SUMIFS('تحليل مبيعات'!H:H,'تحليل مبيعات'!C:C,'حركة المخزن'!Q151,'تحليل مبيعات'!W:W,'حركة المخزن'!$R$6) -> 0 | S151: =SUMIFS('تحليل مبيعات'!H:H,'تحليل مبيعات'!C:C,'حركة المخزن'!Q151,'تحليل مبيعات'!W:W,'حركة المخزن'!$S$6) -> 0 | T151: =SUMIFS('تحليل مبيعات'!H:H,'تحليل مبيعات'!C:C,'حركة المخزن'!Q151,'تحليل مبيعات'!W:W,'حركة المخزن'!$T$6) -> 0 | U151: =SUMIFS('تحليل مبيعات'!H:H,'تحليل مبيعات'!C:C,'حركة المخزن'!Q151,'تحليل مبيعات'!W:W,'حركة المخزن'!$U$6) -> 0 | V151: =SUMIFS('تحليل مبيعات'!H:H,'تحليل مبيعات'!C:C,'حركة المخزن'!Q151,'تحليل مبيعات'!W:W,'حركة المخزن'!$V$6) -> 0 | W151: =SUMIFS('تحليل مبيعات'!H:H,'تحليل مبيعات'!C:C,'حركة المخزن'!Q151,'تحليل مبيعات'!W:W,'حركة المخزن'!$W$6) -> 0 | X151: =SUMIFS('تحليل مبيعات'!H:H,'تحليل مبيعات'!C:C,'حركة المخزن'!Q151,'تحليل مبيعات'!W:W,'حركة المخزن'!$X$6) -> 1 | Y151: =SUMIFS('تحليل مبيعات'!H:H,'تحليل مبيعات'!C:C,'حركة المخزن'!Q151,'تحليل مبيعات'!W:W,'حركة المخزن'!$Y$6) -> 0 | Z151: =SUMIFS('تحليل مبيعات'!H:H,'تحليل مبيعات'!C:C,'حركة المخزن'!Q151,'تحليل مبيعات'!W:W,'حركة المخزن'!$Z$6) -> 0 | AA151: =SUMIFS('تحليل مبيعات'!H:H,'تحليل مبيعات'!C:C,'حركة المخزن'!Q151,'تحليل مبيعات'!W:W,'حركة المخزن'!$AA$6) -> 0 | AB151: =SUMIFS('تحليل مبيعات'!H:H,'تحليل مبيعات'!C:C,'حركة المخزن'!Q151,'تحليل مبيعات'!W:W,'حركة المخزن'!$AB$6) -> 0 | AC151: =SUMIFS('تحليل مبيعات'!H:H,'تحليل مبيعات'!C:C,'حركة المخزن'!Q151,'تحليل مبيعات'!W:W,'حركة المخزن'!$AC$6) -> 0 | AD151: =SUM(R151:AC151) -> 1
B152: موبية اسبراتير داخلية | C152: C0145 | E152: 10 | F152: 10000 | G152: =IFERROR(IF(SUMIF(المشتريات!C:C, 'حركة المخزن'!B152, المشتريات!F:F)=0,"",SUMIF(المشتريات!C:C, 'حركة المخزن'!B152, المشتريات!F:F)),"0") | H152: =IFERROR(IF(SUMIF(المشتريات!C:C, 'حركة المخزن'!B152, المشتريات!I:I)=0,"",SUMIF(المشتريات!C:C, 'حركة المخزن'!B152, المشتريات!I:I)),"0") | I152: =IFERROR(IF(SUMIF('تحليل مبيعات'!C:C, 'حركة المخزن'!B152, 'تحليل مبيعات'!H:H)=0,"",SUMIF('تحليل مبيعات'!C:C, 'حركة المخزن'!B152, 'تحليل مبيعات'!H:H)),"") -> 2 | J152: =IFERROR(IF(SUMIF('تحليل مبيعات'!C:C, 'حركة المخزن'!B152, 'تحليل مبيعات'!L:L)=0,"",SUMIF('تحليل مبيعات'!C:C, 'حركة المخزن'!B152, 'تحليل مبيعات'!L:L)),"") | K152: =IFERROR(E152+G152-I152,"") | L152: =IFERROR(F152+H152-J152,"") | M152: 5 | N152: =IF(K152<M152,"أعادة الطلب","يوجد رصيد كافى") -> يوجد رصيد كافى | O152: 140 | Q152: صدادة باب جرار | R152: =SUMIFS('تحليل مبيعات'!H:H,'تحليل مبيعات'!C:C,'حركة المخزن'!Q152,'تحليل مبيعات'!W:W,'حركة المخزن'!$R$6) -> 0 | S152: =SUMIFS('تحليل مبيعات'!H:H,'تحليل مبيعات'!C:C,'حركة المخزن'!Q152,'تحليل مبيعات'!W:W,'حركة المخزن'!$S$6) -> 0 | T152: =SUMIFS('تحليل مبيعات'!H:H,'تحليل مبيعات'!C:C,'حركة المخزن'!Q152,'تحليل مبيعات'!W:W,'حركة المخزن'!$T$6) -> 0 | U152: =SUMIFS('تحليل مبيعات'!H:H,'تحليل مبيعات'!C:C,'حركة المخزن'!Q152,'تحليل مبيعات'!W:W,'حركة المخزن'!$U$6) -> 0 | V152: =SUMIFS('تحليل مبيعات'!H:H,'تحليل مبيعات'!C:C,'حركة المخزن'!Q152,'تحليل مبيعات'!W:W,'حركة المخزن'!$V$6) -> 0 | W152: =SUMIFS('تحليل مبيعات'!H:H,'تحليل مبيعات'!C:C,'حركة المخزن'!Q152,'تحليل مبيعات'!W:W,'حركة المخزن'!$W$6) -> 0 | X152: =SUMIFS('تحليل مبيعات'!H:H,'تحليل مبيعات'!C:C,'حركة المخزن'!Q152,'تحليل مبيعات'!W:W,'حركة المخزن'!$X$6) -> 0 | Y152: =SUMIFS('تحليل مبيعات'!H:H,'تحليل مبيعات'!C:C,'حركة المخزن'!Q152,'تحليل مبيعات'!W:W,'حركة المخزن'!$Y$6) -> 1 | Z152: =SUMIFS('تحليل مبيعات'!H:H,'تحليل مبيعات'!C:C,'حركة المخزن'!Q152,'تحليل مبيعات'!W:W,'حركة المخزن'!$Z$6) -> 0 | AA152: =SUMIFS('تحليل مبيعات'!H:H,'تحليل مبيعات'!C:C,'حركة المخزن'!Q152,'تحليل مبيعات'!W:W,'حركة المخزن'!$AA$6) -> 0 | AB152: =SUMIFS('تحليل مبيعات'!H:H,'تحليل مبيعات'!C:C,'حركة المخزن'!Q152,'تحليل مبيعات'!W:W,'حركة المخزن'!$AB$6) -> 0 | AC152: =SUMIFS('تحليل مبيعات'!H:H,'تحليل مبيعات'!C:C,'حركة المخزن'!Q152,'تحليل مبيعات'!W:W,'حركة المخزن'!$AC$6) -> 0 | AD152: =SUM(R152:AC152) -> 1
B153: خبور كرنك | C153: C0146 | E153: 10 | F153: 10000 | G153: =IFERROR(IF(SUMIF(المشتريات!C:C, 'حركة المخزن'!B153, المشتريات!F:F)=0,"",SUMIF(المشتريات!C:C, 'حركة المخزن'!B153, المشتريات!F:F)),"0") | H153: =IFERROR(IF(SUMIF(المشتريات!C:C, 'حركة المخزن'!B153, المشتريات!I:I)=0,"",SUMIF(المشتريات!C:C, 'حركة المخزن'!B153, المشتريات!I:I)),"0") | I153: =IFERROR(IF(SUMIF('تحليل مبيعات'!C:C, 'حركة المخزن'!B153, 'تحليل مبيعات'!H:H)=0,"",SUMIF('تحليل مبيعات'!C:C, 'حركة المخزن'!B153, 'تحليل مبيعات'!H:H)),"") -> 2 | J153: =IFERROR(IF(SUMIF('تحليل مبيعات'!C:C, 'حركة المخزن'!B153, 'تحليل مبيعات'!L:L)=0,"",SUMIF('تحليل مبيعات'!C:C, 'حركة المخزن'!B153, 'تحليل مبيعات'!L:L)),"") | K153: =IFERROR(E153+G153-I153,"") | L153: =IFERROR(F153+H153-J153,"") | M153: 5 | N153: =IF(K153<M153,"أعادة الطلب","يوجد رصيد كافى") -> يوجد رصيد كافى | O153: 160 | Q153: افيس بلاستيك | R153: =SUMIFS('تحليل مبيعات'!H:H,'تحليل مبيعات'!C:C,'حركة المخزن'!Q153,'تحليل مبيعات'!W:W,'حركة المخزن'!$R$6) -> 0 | S153: =SUMIFS('تحليل مبيعات'!H:H,'تحليل مبيعات'!C:C,'حركة المخزن'!Q153,'تحليل مبيعات'!W:W,'حركة المخزن'!$S$6) -> 0 | T153: =SUMIFS('تحليل مبيعات'!H:H,'تحليل مبيعات'!C:C,'حركة المخزن'!Q153,'تحليل مبيعات'!W:W,'حركة المخزن'!$T$6) -> 0 | U153: =SUMIFS('تحليل مبيعات'!H:H,'تحليل مبيعات'!C:C,'حركة المخزن'!Q153,'تحليل مبيعات'!W:W,'حركة المخزن'!$U$6) -> 0 | V153: =SUMIFS('تحليل مبيعات'!H:H,'تحليل مبيعات'!C:C,'حركة المخزن'!Q153,'تحليل مبيعات'!W:W,'حركة المخزن'!$V$6) -> 0 | W153: =SUMIFS('تحليل مبيعات'!H:H,'تحليل مبيعات'!C:C,'حركة المخزن'!Q153,'تحليل مبيعات'!W:W,'حركة المخزن'!$W$6) -> 0 | X153: =SUMIFS('تحليل مبيعات'!H:H,'تحليل مبيعات'!C:C,'حركة المخزن'!Q153,'تحليل مبيعات'!W:W,'حركة المخزن'!$X$6) -> 0 | Y153: =SUMIFS('تحليل مبيعات'!H:H,'تحليل مبيعات'!C:C,'حركة المخزن'!Q153,'تحليل مبيعات'!W:W,'حركة المخزن'!$Y$6) -> 8 | Z153: =SUMIFS('تحليل مبيعات'!H:H,'تحليل مبيعات'!C:C,'حركة المخزن'!Q153,'تحليل مبيعات'!W:W,'حركة المخزن'!$Z$6) -> 0 | AA153: =SUMIFS('تحليل مبيعات'!H:H,'تحليل مبيعات'!C:C,'حركة المخزن'!Q153,'تحليل مبيعات'!W:W,'حركة المخزن'!$AA$6) -> 0 | AB153: =SUMIFS('تحليل مبيعات'!H:H,'تحليل مبيعات'!C:C,'حركة المخزن'!Q153,'تحليل مبيعات'!W:W,'حركة المخزن'!$AB$6) -> 0 | AC153: =SUMIFS('تحليل مبيعات'!H:H,'تحليل مبيعات'!C:C,'حركة المخزن'!Q153,'تحليل مبيعات'!W:W,'حركة المخزن'!$AC$6) -> 0 | AD153: =SUM(R153:AC153) -> 8
B154: اسكترا تويوتا هاى سباركس | C154: C0147 | E154: 10 | F154: 10000 | G154: =IFERROR(IF(SUMIF(المشتريات!C:C, 'حركة المخزن'!B154, المشتريات!F:F)=0,"",SUMIF(المشتريات!C:C, 'حركة المخزن'!B154, المشتريات!F:F)),"0") | H154: =IFERROR(IF(SUMIF(المشتريات!C:C, 'حركة المخزن'!B154, المشتريات!I:I)=0,"",SUMIF(المشتريات!C:C, 'حركة المخزن'!B154, المشتريات!I:I)),"0") | I154: =IFERROR(IF(SUMIF('تحليل مبيعات'!C:C, 'حركة المخزن'!B154, 'تحليل مبيعات'!H:H)=0,"",SUMIF('تحليل مبيعات'!C:C, 'حركة المخزن'!B154, 'تحليل مبيعات'!H:H)),"") -> 1 | J154: =IFERROR(IF(SUMIF('تحليل مبيعات'!C:C, 'حركة المخزن'!B154, 'تحليل مبيعات'!L:L)=0,"",SUMIF('تحليل مبيعات'!C:C, 'حركة المخزن'!B154, 'تحليل مبيعات'!L:L)),"") | K154: =IFERROR(E154+G154-I154,"") | L154: =IFERROR(F154+H154-J154,"") | M154: 5 | N154: =IF(K154<M154,"أعادة الطلب","يوجد رصيد كافى") -> يوجد رصيد كافى | O154: 180 | Q154: طقم كالون باب كامل | R154: =SUMIFS('تحليل مبيعات'!H:H,'تحليل مبيعات'!C:C,'حركة المخزن'!Q154,'تحليل مبيعات'!W:W,'حركة المخزن'!$R$6) -> 0 | S154: =SUMIFS('تحليل مبيعات'!H:H,'تحليل مبيعات'!C:C,'حركة المخزن'!Q154,'تحليل مبيعات'!W:W,'حركة المخزن'!$S$6) -> 0 | T154: =SUMIFS('تحليل مبيعات'!H:H,'تحليل مبيعات'!C:C,'حركة المخزن'!Q154,'تحليل مبيعات'!W:W,'حركة المخزن'!$T$6) -> 0 | U154: =SUMIFS('تحليل مبيعات'!H:H,'تحليل مبيعات'!C:C,'حركة المخزن'!Q154,'تحليل مبيعات'!W:W,'حركة المخزن'!$U$6) -> 0 | V154: =SUMIFS('تحليل مبيعات'!H:H,'تحليل مبيعات'!C:C,'حركة المخزن'!Q154,'تحليل مبيعات'!W:W,'حركة المخزن'!$V$6) -> 0 | W154: =SUMIFS('تحليل مبيعات'!H:H,'تحليل مبيعات'!C:C,'حركة المخزن'!Q154,'تحليل مبيعات'!W:W,'حركة المخزن'!$W$6) -> 0 | X154: =SUMIFS('تحليل مبيعات'!H:H,'تحليل مبيعات'!C:C,'حركة المخزن'!Q154,'تحليل مبيعات'!W:W,'حركة المخزن'!$X$6) -> 0 | Y154: =SUMIFS('تحليل مبيعات'!H:H,'تحليل مبيعات'!C:C,'حركة المخزن'!Q154,'تحليل مبيعات'!W:W,'حركة المخزن'!$Y$6) -> 1 | Z154: =SUMIFS('تحليل مبيعات'!H:H,'تحليل مبيعات'!C:C,'حركة المخزن'!Q154,'تحليل مبيعات'!W:W,'حركة المخزن'!$Z$6) -> 0 | AA154: =SUMIFS('تحليل مبيعات'!H:H,'تحليل مبيعات'!C:C,'حركة المخزن'!Q154,'تحليل مبيعات'!W:W,'حركة المخزن'!$AA$6) -> 0 | AB154: =SUMIFS('تحليل مبيعات'!H:H,'تحليل مبيعات'!C:C,'حركة المخزن'!Q154,'تحليل مبيعات'!W:W,'حركة المخزن'!$AB$6) -> 0 | AC154: =SUMIFS('تحليل مبيعات'!H:H,'تحليل مبيعات'!C:C,'حركة المخزن'!Q154,'تحليل مبيعات'!W:W,'حركة المخزن'!$AC$6) -> 0 | AD154: =SUM(R154:AC154) -> 1
B155: اكصدام خلفى بعواكس | C155: C0148 | E155: 10 | F155: 10000 | G155: =IFERROR(IF(SUMIF(المشتريات!C:C, 'حركة المخزن'!B155, المشتريات!F:F)=0,"",SUMIF(المشتريات!C:C, 'حركة المخزن'!B155, المشتريات!F:F)),"0") | H155: =IFERROR(IF(SUMIF(المشتريات!C:C, 'حركة المخزن'!B155, المشتريات!I:I)=0,"",SUMIF(المشتريات!C:C, 'حركة المخزن'!B155, المشتريات!I:I)),"0") | I155: =IFERROR(IF(SUMIF('تحليل مبيعات'!C:C, 'حركة المخزن'!B155, 'تحليل مبيعات'!H:H)=0,"",SUMIF('تحليل مبيعات'!C:C, 'حركة المخزن'!B155, 'تحليل مبيعات'!H:H)),"") -> 2 | J155: =IFERROR(IF(SUMIF('تحليل مبيعات'!C:C, 'حركة المخزن'!B155, 'تحليل مبيعات'!L:L)=0,"",SUMIF('تحليل مبيعات'!C:C, 'حركة المخزن'!B155, 'تحليل مبيعات'!L:L)),"") | K155: =IFERROR(E155+G155-I155,"") | L155: =IFERROR(F155+H155-J155,"") | M155: 5 | N155: =IF(K155<M155,"أعادة الطلب","يوجد رصيد كافى") -> يوجد رصيد كافى | O155: 200 | Q155: فيتور 14/195 عريض | R155: =SUMIFS('تحليل مبيعات'!H:H,'تحليل مبيعات'!C:C,'حركة المخزن'!Q155,'تحليل مبيعات'!W:W,'حركة المخزن'!$R$6) -> 0 | S155: =SUMIFS('تحليل مبيعات'!H:H,'تحليل مبيعات'!C:C,'حركة المخزن'!Q155,'تحليل مبيعات'!W:W,'حركة المخزن'!$S$6) -> 0 | T155: =SUMIFS('تحليل مبيعات'!H:H,'تحليل مبيعات'!C:C,'حركة المخزن'!Q155,'تحليل مبيعات'!W:W,'حركة المخزن'!$T$6) -> 0 | U155: =SUMIFS('تحليل مبيعات'!H:H,'تحليل مبيعات'!C:C,'حركة المخزن'!Q155,'تحليل مبيعات'!W:W,'حركة المخزن'!$U$6) -> 0 | V155: =SUMIFS('تحليل مبيعات'!H:H,'تحليل مبيعات'!C:C,'حركة المخزن'!Q155,'تحليل مبيعات'!W:W,'حركة المخزن'!$V$6) -> 0 | W155: =SUMIFS('تحليل مبيعات'!H:H,'تحليل مبيعات'!C:C,'حركة المخزن'!Q155,'تحليل مبيعات'!W:W,'حركة المخزن'!$W$6) -> 3 | X155: =SUMIFS('تحليل مبيعات'!H:H,'تحليل مبيعات'!C:C,'حركة المخزن'!Q155,'تحليل مبيعات'!W:W,'حركة المخزن'!$X$6) -> 14 | Y155: =SUMIFS('تحليل مبيعات'!H:H,'تحليل مبيعات'!C:C,'حركة المخزن'!Q155,'تحليل مبيعات'!W:W,'حركة المخزن'!$Y$6) -> 0 | Z155: =SUMIFS('تحليل مبيعات'!H:H,'تحليل مبيعات'!C:C,'حركة المخزن'!Q155,'تحليل مبيعات'!W:W,'حركة المخزن'!$Z$6) -> 0 | AA155: =SUMIFS('تحليل مبيعات'!H:H,'تحليل مبيعات'!C:C,'حركة المخزن'!Q155,'تحليل مبيعات'!W:W,'حركة المخزن'!$AA$6) -> 0 | AB155: =SUMIFS('تحليل مبيعات'!H:H,'تحليل مبيعات'!C:C,'حركة المخزن'!Q155,'تحليل مبيعات'!W:W,'حركة المخزن'!$AB$6) -> 0 | AC155: =SUMIFS('تحليل مبيعات'!H:H,'تحليل مبيعات'!C:C,'حركة المخزن'!Q155,'تحليل مبيعات'!W:W,'حركة المخزن'!$AC$6) -> 0 | AD155: =SUM(R155:AC155) -> 17
B156: شبكة شوقى نيكل | C156: C0149 | E156: 10 | F156: 10000 | G156: =IFERROR(IF(SUMIF(المشتريات!C:C, 'حركة المخزن'!B156, المشتريات!F:F)=0,"",SUMIF(المشتريات!C:C, 'حركة المخزن'!B156, المشتريات!F:F)),"0") | H156: =IFERROR(IF(SUMIF(المشتريات!C:C, 'حركة المخزن'!B156, المشتريات!I:I)=0,"",SUMIF(المشتريات!C:C, 'حركة المخزن'!B156, المشتريات!I:I)),"0") | I156: =IFERROR(IF(SUMIF('تحليل مبيعات'!C:C, 'حركة المخزن'!B156, 'تحليل مبيعات'!H:H)=0,"",SUMIF('تحليل مبيعات'!C:C, 'حركة المخزن'!B156, 'تحليل مبيعات'!H:H)),"") -> 1 | J156: =IFERROR(IF(SUMIF('تحليل مبيعات'!C:C, 'حركة المخزن'!B156, 'تحليل مبيعات'!L:L)=0,"",SUMIF('تحليل مبيعات'!C:C, 'حركة المخزن'!B156, 'تحليل مبيعات'!L:L)),"") | K156: =IFERROR(E156+G156-I156,"") | L156: =IFERROR(F156+H156-J156,"") | M156: 5 | N156: =IF(K156<M156,"أعادة الطلب","يوجد رصيد كافى") -> يوجد رصيد كافى | O156: 220 | Q156: بطارية 80 كلورايد | R156: =SUMIFS('تحليل مبيعات'!H:H,'تحليل مبيعات'!C:C,'حركة المخزن'!Q156,'تحليل مبيعات'!W:W,'حركة المخزن'!$R$6) -> 0 | S156: =SUMIFS('تحليل مبيعات'!H:H,'تحليل مبيعات'!C:C,'حركة المخزن'!Q156,'تحليل مبيعات'!W:W,'حركة المخزن'!$S$6) -> 0 | T156: =SUMIFS('تحليل مبيعات'!H:H,'تحليل مبيعات'!C:C,'حركة المخزن'!Q156,'تحليل مبيعات'!W:W,'حركة المخزن'!$T$6) -> 0 | U156: =SUMIFS('تحليل مبيعات'!H:H,'تحليل مبيعات'!C:C,'حركة المخزن'!Q156,'تحليل مبيعات'!W:W,'حركة المخزن'!$U$6) -> 0 | V156: =SUMIFS('تحليل مبيعات'!H:H,'تحليل مبيعات'!C:C,'حركة المخزن'!Q156,'تحليل مبيعات'!W:W,'حركة المخزن'!$V$6) -> 0 | W156: =SUMIFS('تحليل مبيعات'!H:H,'تحليل مبيعات'!C:C,'حركة المخزن'!Q156,'تحليل مبيعات'!W:W,'حركة المخزن'!$W$6) -> 0 | X156: =SUMIFS('تحليل مبيعات'!H:H,'تحليل مبيعات'!C:C,'حركة المخزن'!Q156,'تحليل مبيعات'!W:W,'حركة المخزن'!$X$6) -> 1 | Y156: =SUMIFS('تحليل مبيعات'!H:H,'تحليل مبيعات'!C:C,'حركة المخزن'!Q156,'تحليل مبيعات'!W:W,'حركة المخزن'!$Y$6) -> 0 | Z156: =SUMIFS('تحليل مبيعات'!H:H,'تحليل مبيعات'!C:C,'حركة المخزن'!Q156,'تحليل مبيعات'!W:W,'حركة المخزن'!$Z$6) -> 0 | AA156: =SUMIFS('تحليل مبيعات'!H:H,'تحليل مبيعات'!C:C,'حركة المخزن'!Q156,'تحليل مبيعات'!W:W,'حركة المخزن'!$AA$6) -> 0 | AB156: =SUMIFS('تحليل مبيعات'!H:H,'تحليل مبيعات'!C:C,'حركة المخزن'!Q156,'تحليل مبيعات'!W:W,'حركة المخزن'!$AB$6) -> 0 | AC156: =SUMIFS('تحليل مبيعات'!H:H,'تحليل مبيعات'!C:C,'حركة المخزن'!Q156,'تحليل مبيعات'!W:W,'حركة المخزن'!$AC$6) -> 0 | AD156: =SUM(R156:AC156) -> 1
B157: طقم سلم باب جان بى | C157: C0150 | E157: 10 | F157: 10000 | G157: =IFERROR(IF(SUMIF(المشتريات!C:C, 'حركة المخزن'!B157, المشتريات!F:F)=0,"",SUMIF(المشتريات!C:C, 'حركة المخزن'!B157, المشتريات!F:F)),"0") | H157: =IFERROR(IF(SUMIF(المشتريات!C:C, 'حركة المخزن'!B157, المشتريات!I:I)=0,"",SUMIF(المشتريات!C:C, 'حركة المخزن'!B157, المشتريات!I:I)),"0") | I157: =IFERROR(IF(SUMIF('تحليل مبيعات'!C:C, 'حركة المخزن'!B157, 'تحليل مبيعات'!H:H)=0,"",SUMIF('تحليل مبيعات'!C:C, 'حركة المخزن'!B157, 'تحليل مبيعات'!H:H)),"") -> 2 | J157: =IFERROR(IF(SUMIF('تحليل مبيعات'!C:C, 'حركة المخزن'!B157, 'تحليل مبيعات'!L:L)=0,"",SUMIF('تحليل مبيعات'!C:C, 'حركة المخزن'!B157, 'تحليل مبيعات'!L:L)),"") -> 200 | K157: =IFERROR(E157+G157-I157,"") | L157: =IFERROR(F157+H157-J157,"") | M157: 5 | N157: =IF(K157<M157,"أعادة الطلب","يوجد رصيد كافى") -> يوجد رصيد كافى | O157: 240 | Q157: فيتور 14/195 كنزة | R157: =SUMIFS('تحليل مبيعات'!H:H,'تحليل مبيعات'!C:C,'حركة المخزن'!Q157,'تحليل مبيعات'!W:W,'حركة المخزن'!$R$6) -> 0 | S157: =SUMIFS('تحليل مبيعات'!H:H,'تحليل مبيعات'!C:C,'حركة المخزن'!Q157,'تحليل مبيعات'!W:W,'حركة المخزن'!$S$6) -> 0 | T157: =SUMIFS('تحليل مبيعات'!H:H,'تحليل مبيعات'!C:C,'حركة المخزن'!Q157,'تحليل مبيعات'!W:W,'حركة المخزن'!$T$6) -> 0 | U157: =SUMIFS('تحليل مبيعات'!H:H,'تحليل مبيعات'!C:C,'حركة المخزن'!Q157,'تحليل مبيعات'!W:W,'حركة المخزن'!$U$6) -> 0 | V157: =SUMIFS('تحليل مبيعات'!H:H,'تحليل مبيعات'!C:C,'حركة المخزن'!Q157,'تحليل مبيعات'!W:W,'حركة المخزن'!$V$6) -> 0 | W157: =SUMIFS('تحليل مبيعات'!H:H,'تحليل مبيعات'!C:C,'حركة المخزن'!Q157,'تحليل مبيعات'!W:W,'حركة المخزن'!$W$6) -> 0 | X157: =SUMIFS('تحليل مبيعات'!H:H,'تحليل مبيعات'!C:C,'حركة المخزن'!Q157,'تحليل مبيعات'!W:W,'حركة المخزن'!$X$6) -> 9 | Y157: =SUMIFS('تحليل مبيعات'!H:H,'تحليل مبيعات'!C:C,'حركة المخزن'!Q157,'تحليل مبيعات'!W:W,'حركة المخزن'!$Y$6) -> 0 | Z157: =SUMIFS('تحليل مبيعات'!H:H,'تحليل مبيعات'!C:C,'حركة المخزن'!Q157,'تحليل مبيعات'!W:W,'حركة المخزن'!$Z$6) -> 0 | AA157: =SUMIFS('تحليل مبيعات'!H:H,'تحليل مبيعات'!C:C,'حركة المخزن'!Q157,'تحليل مبيعات'!W:W,'حركة المخزن'!$AA$6) -> 0 | AB157: =SUMIFS('تحليل مبيعات'!H:H,'تحليل مبيعات'!C:C,'حركة المخزن'!Q157,'تحليل مبيعات'!W:W,'حركة المخزن'!$AB$6) -> 0 | AC157: =SUMIFS('تحليل مبيعات'!H:H,'تحليل مبيعات'!C:C,'حركة المخزن'!Q157,'تحليل مبيعات'!W:W,'حركة المخزن'!$AC$6) -> 0 | AD157: =SUM(R157:AC157) -> 9
B158: اكصدام خلفى بعواكس | C158: C0151 | E158: 10 | F158: 10000 | G158: =IFERROR(IF(SUMIF(المشتريات!C:C, 'حركة المخزن'!B158, المشتريات!F:F)=0,"",SUMIF(المشتريات!C:C, 'حركة المخزن'!B158, المشتريات!F:F)),"0") | H158: =IFERROR(IF(SUMIF(المشتريات!C:C, 'حركة المخزن'!B158, المشتريات!I:I)=0,"",SUMIF(المشتريات!C:C, 'حركة المخزن'!B158, المشتريات!I:I)),"0") | I158: =IFERROR(IF(SUMIF('تحليل مبيعات'!C:C, 'حركة المخزن'!B158, 'تحليل مبيعات'!H:H)=0,"",SUMIF('تحليل مبيعات'!C:C, 'حركة المخزن'!B158, 'تحليل مبيعات'!H:H)),"") -> 2 | J158: =IFERROR(IF(SUMIF('تحليل مبيعات'!C:C, 'حركة المخزن'!B158, 'تحليل مبيعات'!L:L)=0,"",SUMIF('تحليل مبيعات'!C:C, 'حركة المخزن'!B158, 'تحليل مبيعات'!L:L)),"") | K158: =IFERROR(E158+G158-I158,"") | L158: =IFERROR(F158+H158-J158,"") | M158: 5 | N158: =IF(K158<M158,"أعادة الطلب","يوجد رصيد كافى") -> يوجد رصيد كافى | O158: 260 | Q158: طقم جانط 14 BLP LG20-VL | R158: =SUMIFS('تحليل مبيعات'!H:H,'تحليل مبيعات'!C:C,'حركة المخزن'!Q158,'تحليل مبيعات'!W:W,'حركة المخزن'!$R$6) -> 0 | S158: =SUMIFS('تحليل مبيعات'!H:H,'تحليل مبيعات'!C:C,'حركة المخزن'!Q158,'تحليل مبيعات'!W:W,'حركة المخزن'!$S$6) -> 0 | T158: =SUMIFS('تحليل مبيعات'!H:H,'تحليل مبيعات'!C:C,'حركة المخزن'!Q158,'تحليل مبيعات'!W:W,'حركة المخزن'!$T$6) -> 0 | U158: =SUMIFS('تحليل مبيعات'!H:H,'تحليل مبيعات'!C:C,'حركة المخزن'!Q158,'تحليل مبيعات'!W:W,'حركة المخزن'!$U$6) -> 0 | V158: =SUMIFS('تحليل مبيعات'!H:H,'تحليل مبيعات'!C:C,'حركة المخزن'!Q158,'تحليل مبيعات'!W:W,'حركة المخزن'!$V$6) -> 0 | W158: =SUMIFS('تحليل مبيعات'!H:H,'تحليل مبيعات'!C:C,'حركة المخزن'!Q158,'تحليل مبيعات'!W:W,'حركة المخزن'!$W$6) -> 0 | X158: =SUMIFS('تحليل مبيعات'!H:H,'تحليل مبيعات'!C:C,'حركة المخزن'!Q158,'تحليل مبيعات'!W:W,'حركة المخزن'!$X$6) -> 4 | Y158: =SUMIFS('تحليل مبيعات'!H:H,'تحليل مبيعات'!C:C,'حركة المخزن'!Q158,'تحليل مبيعات'!W:W,'حركة المخزن'!$Y$6) -> 0 | Z158: =SUMIFS('تحليل مبيعات'!H:H,'تحليل مبيعات'!C:C,'حركة المخزن'!Q158,'تحليل مبيعات'!W:W,'حركة المخزن'!$Z$6) -> 0 | AA158: =SUMIFS('تحليل مبيعات'!H:H,'تحليل مبيعات'!C:C,'حركة المخزن'!Q158,'تحليل مبيعات'!W:W,'حركة المخزن'!$AA$6) -> 0 | AB158: =SUMIFS('تحليل مبيعات'!H:H,'تحليل مبيعات'!C:C,'حركة المخزن'!Q158,'تحليل مبيعات'!W:W,'حركة المخزن'!$AB$6) -> 0 | AC158: =SUMIFS('تحليل مبيعات'!H:H,'تحليل مبيعات'!C:C,'حركة المخزن'!Q158,'تحليل مبيعات'!W:W,'حركة المخزن'!$AC$6) -> 0 | AD158: =SUM(R158:AC158) -> 4
B159: طقم فانوس شبورة جان بى | C159: C0152 | E159: 10 | F159: 10000 | G159: =IFERROR(IF(SUMIF(المشتريات!C:C, 'حركة المخزن'!B159, المشتريات!F:F)=0,"",SUMIF(المشتريات!C:C, 'حركة المخزن'!B159, المشتريات!F:F)),"0") | H159: =IFERROR(IF(SUMIF(المشتريات!C:C, 'حركة المخزن'!B159, المشتريات!I:I)=0,"",SUMIF(المشتريات!C:C, 'حركة المخزن'!B159, المشتريات!I:I)),"0") | I159: =IFERROR(IF(SUMIF('تحليل مبيعات'!C:C, 'حركة المخزن'!B159, 'تحليل مبيعات'!H:H)=0,"",SUMIF('تحليل مبيعات'!C:C, 'حركة المخزن'!B159, 'تحليل مبيعات'!H:H)),"") -> 1 | J159: =IFERROR(IF(SUMIF('تحليل مبيعات'!C:C, 'حركة المخزن'!B159, 'تحليل مبيعات'!L:L)=0,"",SUMIF('تحليل مبيعات'!C:C, 'حركة المخزن'!B159, 'تحليل مبيعات'!L:L)),"") | K159: =IFERROR(E159+G159-I159,"") | L159: =IFERROR(F159+H159-J159,"") | M159: 5 | N159: =IF(K159<M159,"أعادة الطلب","يوجد رصيد كافى") -> يوجد رصيد كافى | O159: 280 | Q159: كاوتش توكتوك | R159: =SUMIFS('تحليل مبيعات'!H:H,'تحليل مبيعات'!C:C,'حركة المخزن'!Q159,'تحليل مبيعات'!W:W,'حركة المخزن'!$R$6) -> 0 | S159: =SUMIFS('تحليل مبيعات'!H:H,'تحليل مبيعات'!C:C,'حركة المخزن'!Q159,'تحليل مبيعات'!W:W,'حركة المخزن'!$S$6) -> 0 | T159: =SUMIFS('تحليل مبيعات'!H:H,'تحليل مبيعات'!C:C,'حركة المخزن'!Q159,'تحليل مبيعات'!W:W,'حركة المخزن'!$T$6) -> 0 | U159: =SUMIFS('تحليل مبيعات'!H:H,'تحليل مبيعات'!C:C,'حركة المخزن'!Q159,'تحليل مبيعات'!W:W,'حركة المخزن'!$U$6) -> 0 | V159: =SUMIFS('تحليل مبيعات'!H:H,'تحليل مبيعات'!C:C,'حركة المخزن'!Q159,'تحليل مبيعات'!W:W,'حركة المخزن'!$V$6) -> 0 | W159: =SUMIFS('تحليل مبيعات'!H:H,'تحليل مبيعات'!C:C,'حركة المخزن'!Q159,'تحليل مبيعات'!W:W,'حركة المخزن'!$W$6) -> 0 | X159: =SUMIFS('تحليل مبيعات'!H:H,'تحليل مبيعات'!C:C,'حركة المخزن'!Q159,'تحليل مبيعات'!W:W,'حركة المخزن'!$X$6) -> 2 | Y159: =SUMIFS('تحليل مبيعات'!H:H,'تحليل مبيعات'!C:C,'حركة المخزن'!Q159,'تحليل مبيعات'!W:W,'حركة المخزن'!$Y$6) -> 0 | Z159: =SUMIFS('تحليل مبيعات'!H:H,'تحليل مبيعات'!C:C,'حركة المخزن'!Q159,'تحليل مبيعات'!W:W,'حركة المخزن'!$Z$6) -> 0 | AA159: =SUMIFS('تحليل مبيعات'!H:H,'تحليل مبيعات'!C:C,'حركة المخزن'!Q159,'تحليل مبيعات'!W:W,'حركة المخزن'!$AA$6) -> 0 | AB159: =SUMIFS('تحليل مبيعات'!H:H,'تحليل مبيعات'!C:C,'حركة المخزن'!Q159,'تحليل مبيعات'!W:W,'حركة المخزن'!$AB$6) -> 0 | AC159: =SUMIFS('تحليل مبيعات'!H:H,'تحليل مبيعات'!C:C,'حركة المخزن'!Q159,'تحليل مبيعات'!W:W,'حركة المخزن'!$AC$6) -> 0 | AD159: =SUM(R159:AC159) -> 2
B160: وش سلندر فطيم | C160: C0153 | E160: 10 | F160: 10000 | G160: =IFERROR(IF(SUMIF(المشتريات!C:C, 'حركة المخزن'!B160, المشتريات!F:F)=0,"",SUMIF(المشتريات!C:C, 'حركة المخزن'!B160, المشتريات!F:F)),"0") | H160: =IFERROR(IF(SUMIF(المشتريات!C:C, 'حركة المخزن'!B160, المشتريات!I:I)=0,"",SUMIF(المشتريات!C:C, 'حركة المخزن'!B160, المشتريات!I:I)),"0") | I160: =IFERROR(IF(SUMIF('تحليل مبيعات'!C:C, 'حركة المخزن'!B160, 'تحليل مبيعات'!H:H)=0,"",SUMIF('تحليل مبيعات'!C:C, 'حركة المخزن'!B160, 'تحليل مبيعات'!H:H)),"") -> 1 | J160: =IFERROR(IF(SUMIF('تحليل مبيعات'!C:C, 'حركة المخزن'!B160, 'تحليل مبيعات'!L:L)=0,"",SUMIF('تحليل مبيعات'!C:C, 'حركة المخزن'!B160, 'تحليل مبيعات'!L:L)),"") | K160: =IFERROR(E160+G160-I160,"") | L160: =IFERROR(F160+H160-J160,"") | M160: 5 | N160: =IF(K160<M160,"أعادة الطلب","يوجد رصيد كافى") -> يوجد رصيد كافى | O160: 300 | Q160: 14/5/144 BM-657-VL جنط سبور صينى غاطس | R160: =SUMIFS('تحليل مبيعات'!H:H,'تحليل مبيعات'!C:C,'حركة المخزن'!Q160,'تحليل مبيعات'!W:W,'حركة المخزن'!$R$6) -> 0 | S160: =SUMIFS('تحليل مبيعات'!H:H,'تحليل مبيعات'!C:C,'حركة المخزن'!Q160,'تحليل مبيعات'!W:W,'حركة المخزن'!$S$6) -> 0 | T160: =SUMIFS('تحليل مبيعات'!H:H,'تحليل مبيعات'!C:C,'حركة المخزن'!Q160,'تحليل مبيعات'!W:W,'حركة المخزن'!$T$6) -> 0 | U160: =SUMIFS('تحليل مبيعات'!H:H,'تحليل مبيعات'!C:C,'حركة المخزن'!Q160,'تحليل مبيعات'!W:W,'حركة المخزن'!$U$6) -> 0 | V160: =SUMIFS('تحليل مبيعات'!H:H,'تحليل مبيعات'!C:C,'حركة المخزن'!Q160,'تحليل مبيعات'!W:W,'حركة المخزن'!$V$6) -> 0 | W160: =SUMIFS('تحليل مبيعات'!H:H,'تحليل مبيعات'!C:C,'حركة المخزن'!Q160,'تحليل مبيعات'!W:W,'حركة المخزن'!$W$6) -> 0 | X160: =SUMIFS('تحليل مبيعات'!H:H,'تحليل مبيعات'!C:C,'حركة المخزن'!Q160,'تحليل مبيعات'!W:W,'حركة المخزن'!$X$6) -> 4 | Y160: =SUMIFS('تحليل مبيعات'!H:H,'تحليل مبيعات'!C:C,'حركة المخزن'!Q160,'تحليل مبيعات'!W:W,'حركة المخزن'!$Y$6) -> 0 | Z160: =SUMIFS('تحليل مبيعات'!H:H,'تحليل مبيعات'!C:C,'حركة المخزن'!Q160,'تحليل مبيعات'!W:W,'حركة المخزن'!$Z$6) -> 0 | AA160: =SUMIFS('تحليل مبيعات'!H:H,'تحليل مبيعات'!C:C,'حركة المخزن'!Q160,'تحليل مبيعات'!W:W,'حركة المخزن'!$AA$6) -> 0 | AB160: =SUMIFS('تحليل مبيعات'!H:H,'تحليل مبيعات'!C:C,'حركة المخزن'!Q160,'تحليل مبيعات'!W:W,'حركة المخزن'!$AB$6) -> 0 | AC160: =SUMIFS('تحليل مبيعات'!H:H,'تحليل مبيعات'!C:C,'حركة المخزن'!Q160,'تحليل مبيعات'!W:W,'حركة المخزن'!$AC$6) -> 0 | AD160: =SUM(R160:AC160) -> 4
B161: مسمار بالصمولة | C161: C0154 | E161: 10 | F161: 10000 | G161: =IFERROR(IF(SUMIF(المشتريات!C:C, 'حركة المخزن'!B161, المشتريات!F:F)=0,"",SUMIF(المشتريات!C:C, 'حركة المخزن'!B161, المشتريات!F:F)),"0") | H161: =IFERROR(IF(SUMIF(المشتريات!C:C, 'حركة المخزن'!B161, المشتريات!I:I)=0,"",SUMIF(المشتريات!C:C, 'حركة المخزن'!B161, المشتريات!I:I)),"0") | I161: =IFERROR(IF(SUMIF('تحليل مبيعات'!C:C, 'حركة المخزن'!B161, 'تحليل مبيعات'!H:H)=0,"",SUMIF('تحليل مبيعات'!C:C, 'حركة المخزن'!B161, 'تحليل مبيعات'!H:H)),"") -> 10 | J161: =IFERROR(IF(SUMIF('تحليل مبيعات'!C:C, 'حركة المخزن'!B161, 'تحليل مبيعات'!L:L)=0,"",SUMIF('تحليل مبيعات'!C:C, 'حركة المخزن'!B161, 'تحليل مبيعات'!L:L)),"") -> 400 | K161: =IFERROR(E161+G161-I161,"") | L161: =IFERROR(F161+H161-J161,"") | M161: 5 | N161: =IF(K161<M161,"أعادة الطلب","يوجد رصيد كافى") -> يوجد رصيد كافى | O161: 320 | Q161: R14(5X114) BM/657 14/5/144 BM-657-VL جنط سبور صينى تويوتا غاطس | R161: =SUMIFS('تحليل مبيعات'!H:H,'تحليل مبيعات'!C:C,'حركة المخزن'!Q161,'تحليل مبيعات'!W:W,'حركة المخزن'!$R$6) -> 0 | S161: =SUMIFS('تحليل مبيعات'!H:H,'تحليل مبيعات'!C:C,'حركة المخزن'!Q161,'تحليل مبيعات'!W:W,'حركة المخزن'!$S$6) -> 0 | T161: =SUMIFS('تحليل مبيعات'!H:H,'تحليل مبيعات'!C:C,'حركة المخزن'!Q161,'تحليل مبيعات'!W:W,'حركة المخزن'!$T$6) -> 0 | U161: =SUMIFS('تحليل مبيعات'!H:H,'تحليل مبيعات'!C:C,'حركة المخزن'!Q161,'تحليل مبيعات'!W:W,'حركة المخزن'!$U$6) -> 0 | V161: =SUMIFS('تحليل مبيعات'!H:H,'تحليل مبيعات'!C:C,'حركة المخزن'!Q161,'تحليل مبيعات'!W:W,'حركة المخزن'!$V$6) -> 0 | W161: =SUMIFS('تحليل مبيعات'!H:H,'تحليل مبيعات'!C:C,'حركة المخزن'!Q161,'تحليل مبيعات'!W:W,'حركة المخزن'!$W$6) -> 0 | X161: =SUMIFS('تحليل مبيعات'!H:H,'تحليل مبيعات'!C:C,'حركة المخزن'!Q161,'تحليل مبيعات'!W:W,'حركة المخزن'!$X$6) -> 4 | Y161: =SUMIFS('تحليل مبيعات'!H:H,'تحليل مبيعات'!C:C,'حركة المخزن'!Q161,'تحليل مبيعات'!W:W,'حركة المخزن'!$Y$6) -> 0 | Z161: =SUMIFS('تحليل مبيعات'!H:H,'تحليل مبيعات'!C:C,'حركة المخزن'!Q161,'تحليل مبيعات'!W:W,'حركة المخزن'!$Z$6) -> 0 | AA161: =SUMIFS('تحليل مبيعات'!H:H,'تحليل مبيعات'!C:C,'حركة المخزن'!Q161,'تحليل مبيعات'!W:W,'حركة المخزن'!$AA$6) -> 0 | AB161: =SUMIFS('تحليل مبيعات'!H:H,'تحليل مبيعات'!C:C,'حركة المخزن'!Q161,'تحليل مبيعات'!W:W,'حركة المخزن'!$AB$6) -> 0 | AC161: =SUMIFS('تحليل مبيعات'!H:H,'تحليل مبيعات'!C:C,'حركة المخزن'!Q161,'تحليل مبيعات'!W:W,'حركة المخزن'!$AC$6) -> 0 | AD161: =SUM(R161:AC161) -> 4
B162: قاعدة فتيس سوبر | C162: C0155 | E162: 10 | F162: 10000 | G162: =IFERROR(IF(SUMIF(المشتريات!C:C, 'حركة المخزن'!B162, المشتريات!F:F)=0,"",SUMIF(المشتريات!C:C, 'حركة المخزن'!B162, المشتريات!F:F)),"0") | H162: =IFERROR(IF(SUMIF(المشتريات!C:C, 'حركة المخزن'!B162, المشتريات!I:I)=0,"",SUMIF(المشتريات!C:C, 'حركة المخزن'!B162, المشتريات!I:I)),"0") | I162: =IFERROR(IF(SUMIF('تحليل مبيعات'!C:C, 'حركة المخزن'!B162, 'تحليل مبيعات'!H:H)=0,"",SUMIF('تحليل مبيعات'!C:C, 'حركة المخزن'!B162, 'تحليل مبيعات'!H:H)),"") -> 1 | J162: =IFERROR(IF(SUMIF('تحليل مبيعات'!C:C, 'حركة المخزن'!B162, 'تحليل مبيعات'!L:L)=0,"",SUMIF('تحليل مبيعات'!C:C, 'حركة المخزن'!B162, 'تحليل مبيعات'!L:L)),"") | K162: =IFERROR(E162+G162-I162,"") | L162: =IFERROR(F162+H162-J162,"") | M162: 5 | N162: =IF(K162<M162,"أعادة الطلب","يوجد رصيد كافى") -> يوجد رصيد كافى | O162: 340 | Q162: NOZA ECO 14/185/65 كاوتش سومو اكينا صينى | R162: =SUMIFS('تحليل مبيعات'!H:H,'تحليل مبيعات'!C:C,'حركة المخزن'!Q162,'تحليل مبيعات'!W:W,'حركة المخزن'!$R$6) -> 0 | S162: =SUMIFS('تحليل مبيعات'!H:H,'تحليل مبيعات'!C:C,'حركة المخزن'!Q162,'تحليل مبيعات'!W:W,'حركة المخزن'!$S$6) -> 0 | T162: =SUMIFS('تحليل مبيعات'!H:H,'تحليل مبيعات'!C:C,'حركة المخزن'!Q162,'تحليل مبيعات'!W:W,'حركة المخزن'!$T$6) -> 0 | U162: =SUMIFS('تحليل مبيعات'!H:H,'تحليل مبيعات'!C:C,'حركة المخزن'!Q162,'تحليل مبيعات'!W:W,'حركة المخزن'!$U$6) -> 0 | V162: =SUMIFS('تحليل مبيعات'!H:H,'تحليل مبيعات'!C:C,'حركة المخزن'!Q162,'تحليل مبيعات'!W:W,'حركة المخزن'!$V$6) -> 0 | W162: =SUMIFS('تحليل مبيعات'!H:H,'تحليل مبيعات'!C:C,'حركة المخزن'!Q162,'تحليل مبيعات'!W:W,'حركة المخزن'!$W$6) -> 0 | X162: =SUMIFS('تحليل مبيعات'!H:H,'تحليل مبيعات'!C:C,'حركة المخزن'!Q162,'تحليل مبيعات'!W:W,'حركة المخزن'!$X$6) -> 2 | Y162: =SUMIFS('تحليل مبيعات'!H:H,'تحليل مبيعات'!C:C,'حركة المخزن'!Q162,'تحليل مبيعات'!W:W,'حركة المخزن'!$Y$6) -> 0 | Z162: =SUMIFS('تحليل مبيعات'!H:H,'تحليل مبيعات'!C:C,'حركة المخزن'!Q162,'تحليل مبيعات'!W:W,'حركة المخزن'!$Z$6) -> 0 | AA162: =SUMIFS('تحليل مبيعات'!H:H,'تحليل مبيعات'!C:C,'حركة المخزن'!Q162,'تحليل مبيعات'!W:W,'حركة المخزن'!$AA$6) -> 0 | AB162: =SUMIFS('تحليل مبيعات'!H:H,'تحليل مبيعات'!C:C,'حركة المخزن'!Q162,'تحليل مبيعات'!W:W,'حركة المخزن'!$AB$6) -> 0 | AC162: =SUMIFS('تحليل مبيعات'!H:H,'تحليل مبيعات'!C:C,'حركة المخزن'!Q162,'تحليل مبيعات'!W:W,'حركة المخزن'!$AC$6) -> 0 | AD162: =SUM(R162:AC162) -> 2
B163: وش تقسيمة | C163: C0156 | E163: 10 | F163: 10000 | G163: =IFERROR(IF(SUMIF(المشتريات!C:C, 'حركة المخزن'!B163, المشتريات!F:F)=0,"",SUMIF(المشتريات!C:C, 'حركة المخزن'!B163, المشتريات!F:F)),"0") | H163: =IFERROR(IF(SUMIF(المشتريات!C:C, 'حركة المخزن'!B163, المشتريات!I:I)=0,"",SUMIF(المشتريات!C:C, 'حركة المخزن'!B163, المشتريات!I:I)),"0") | I163: =IFERROR(IF(SUMIF('تحليل مبيعات'!C:C, 'حركة المخزن'!B163, 'تحليل مبيعات'!H:H)=0,"",SUMIF('تحليل مبيعات'!C:C, 'حركة المخزن'!B163, 'تحليل مبيعات'!H:H)),"") -> 1 | J163: =IFERROR(IF(SUMIF('تحليل مبيعات'!C:C, 'حركة المخزن'!B163, 'تحليل مبيعات'!L:L)=0,"",SUMIF('تحليل مبيعات'!C:C, 'حركة المخزن'!B163, 'تحليل مبيعات'!L:L)),"") | K163: =IFERROR(E163+G163-I163,"") | L163: =IFERROR(F163+H163-J163,"") | M163: 5 | N163: =IF(K163<M163,"أعادة الطلب","يوجد رصيد كافى") -> يوجد رصيد كافى | O163: 360 | Q163: المجموع | R163: =SUM(R7:R162) -> 0 | S163: =SUM(S7:S162) -> 0 | T163: =SUM(T7:T162) -> 0 | U163: =SUM(U7:U162) -> 0 | V163: =SUM(V7:V162) -> 0 | W163: =SUM(W7:W162) -> 4 | X163: =SUM(X7:X162) -> 594 | Y163: =SUM(Y7:Y162) -> 39 | ... AD163: =SUM(AD7:AD162) -> 637
B164: اويل سيل فتيس خلفى تويوتا 90 | C164: C0157 | E164: 10 | F164: 10000 | G164: =IFERROR(IF(SUMIF(المشتريات!C:C, 'حركة المخزن'!B164, المشتريات!F:F)=0,"",SUMIF(المشتريات!C:C, 'حركة المخزن'!B164, المشتريات!F:F)),"0") | H164: =IFERROR(IF(SUMIF(المشتريات!C:C, 'حركة المخزن'!B164, المشتريات!I:I)=0,"",SUMIF(المشتريات!C:C, 'حركة المخزن'!B164, المشتريات!I:I)),"0") | I164: =IFERROR(IF(SUMIF('تحليل مبيعات'!C:C, 'حركة المخزن'!B164, 'تحليل مبيعات'!H:H)=0,"",SUMIF('تحليل مبيعات'!C:C, 'حركة المخزن'!B164, 'تحليل مبيعات'!H:H)),"") -> 1 | J164: =IFERROR(IF(SUMIF('تحليل مبيعات'!C:C, 'حركة المخزن'!B164, 'تحليل مبيعات'!L:L)=0,"",SUMIF('تحليل مبيعات'!C:C, 'حركة المخزن'!B164, 'تحليل مبيعات'!L:L)),"") -> 50 | K164: =IFERROR(E164+G164-I164,"") | L164: =IFERROR(F164+H164-J164,"") | M164: 5 | N164: =IF(K164<M164,"أعادة الطلب","يوجد رصيد كافى") -> يوجد رصيد كافى | O164: 380
B165: NOZA ECO 15/195/65 كاوتش سومو اكينا صينى | C165: C0158 | E165: 10 | F165: 10000 | G165: =IFERROR(IF(SUMIF(المشتريات!C:C, 'حركة المخزن'!B165, المشتريات!F:F)=0,"",SUMIF(المشتريات!C:C, 'حركة المخزن'!B165, المشتريات!F:F)),"0") | H165: =IFERROR(IF(SUMIF(المشتريات!C:C, 'حركة المخزن'!B165, المشتريات!I:I)=0,"",SUMIF(المشتريات!C:C, 'حركة المخزن'!B165, المشتريات!I:I)),"0") | I165: =IFERROR(IF(SUMIF('تحليل مبيعات'!C:C, 'حركة المخزن'!B165, 'تحليل مبيعات'!H:H)=0,"",SUMIF('تحليل مبيعات'!C:C, 'حركة المخزن'!B165, 'تحليل مبيعات'!H:H)),"") -> 4 | J165: =IFERROR(IF(SUMIF('تحليل مبيعات'!C:C, 'حركة المخزن'!B165, 'تحليل مبيعات'!L:L)=0,"",SUMIF('تحليل مبيعات'!C:C, 'حركة المخزن'!B165, 'تحليل مبيعات'!L:L)),"") | K165: =IFERROR(E165+G165-I165,"") | L165: =IFERROR(F165+H165-J165,"") | M165: 5 | N165: =IF(K165<M165,"أعادة الطلب","يوجد رصيد كافى") -> يوجد رصيد كافى | O165: 400
B166: طلمبة باور جان بى | C166: C0159 | E166: 10 | F166: 10000 | G166: =IFERROR(IF(SUMIF(المشتريات!C:C, 'حركة المخزن'!B166, المشتريات!F:F)=0,"",SUMIF(المشتريات!C:C, 'حركة المخزن'!B166, المشتريات!F:F)),"0") | H166: =IFERROR(IF(SUMIF(المشتريات!C:C, 'حركة المخزن'!B166, المشتريات!I:I)=0,"",SUMIF(المشتريات!C:C, 'حركة المخزن'!B166, المشتريات!I:I)),"0") | I166: =IFERROR(IF(SUMIF('تحليل مبيعات'!C:C, 'حركة المخزن'!B166, 'تحليل مبيعات'!H:H)=0,"",SUMIF('تحليل مبيعات'!C:C, 'حركة المخزن'!B166, 'تحليل مبيعات'!H:H)),"") -> 1 | J166: =IFERROR(IF(SUMIF('تحليل مبيعات'!C:C, 'حركة المخزن'!B166, 'تحليل مبيعات'!L:L)=0,"",SUMIF('تحليل مبيعات'!C:C, 'حركة المخزن'!B166, 'تحليل مبيعات'!L:L)),"") | K166: =IFERROR(E166+G166-I166,"") | L166: =IFERROR(F166+H166-J166,"") | M166: 5 | N166: =IF(K166<M166,"أعادة الطلب","يوجد رصيد كافى") -> يوجد رصيد كافى | O166: 420
B167: قاعدة موتور فطيم | C167: C0160 | E167: 10 | F167: 10000 | G167: =IFERROR(IF(SUMIF(المشتريات!C:C, 'حركة المخزن'!B167, المشتريات!F:F)=0,"",SUMIF(المشتريات!C:C, 'حركة المخزن'!B167, المشتريات!F:F)),"0") | H167: =IFERROR(IF(SUMIF(المشتريات!C:C, 'حركة المخزن'!B167, المشتريات!I:I)=0,"",SUMIF(المشتريات!C:C, 'حركة المخزن'!B167, المشتريات!I:I)),"0") | I167: =IFERROR(IF(SUMIF('تحليل مبيعات'!C:C, 'حركة المخزن'!B167, 'تحليل مبيعات'!H:H)=0,"",SUMIF('تحليل مبيعات'!C:C, 'حركة المخزن'!B167, 'تحليل مبيعات'!H:H)),"") -> 1 | J167: =IFERROR(IF(SUMIF('تحليل مبيعات'!C:C, 'حركة المخزن'!B167, 'تحليل مبيعات'!L:L)=0,"",SUMIF('تحليل مبيعات'!C:C, 'حركة المخزن'!B167, 'تحليل مبيعات'!L:L)),"") | K167: =IFERROR(E167+G167-I167,"") | L167: =IFERROR(F167+H167-J167,"") | M167: 5 | N167: =IF(K167<M167,"أعادة الطلب","يوجد رصيد كافى") -> يوجد رصيد كافى | O167: 440
B168: مسمار بالصمولة | C168: C0161 | E168: 10 | F168: 10000 | G168: =IFERROR(IF(SUMIF(المشتريات!C:C, 'حركة المخزن'!B168, المشتريات!F:F)=0,"",SUMIF(المشتريات!C:C, 'حركة المخزن'!B168, المشتريات!F:F)),"0") | H168: =IFERROR(IF(SUMIF(المشتريات!C:C, 'حركة المخزن'!B168, المشتريات!I:I)=0,"",SUMIF(المشتريات!C:C, 'حركة المخزن'!B168, المشتريات!I:I)),"0") | I168: =IFERROR(IF(SUMIF('تحليل مبيعات'!C:C, 'حركة المخزن'!B168, 'تحليل مبيعات'!H:H)=0,"",SUMIF('تحليل مبيعات'!C:C, 'حركة المخزن'!B168, 'تحليل مبيعات'!H:H)),"") -> 10 | J168: =IFERROR(IF(SUMIF('تحليل مبيعات'!C:C, 'حركة المخزن'!B168, 'تحليل مبيعات'!L:L)=0,"",SUMIF('تحليل مبيعات'!C:C, 'حركة المخزن'!B168, 'تحليل مبيعات'!L:L)),"") -> 400 | K168: =IFERROR(E168+G168-I168,"") | L168: =IFERROR(F168+H168-J168,"") | M168: 5 | N168: =IF(K168<M168,"أعادة الطلب","يوجد رصيد كافى") -> يوجد رصيد كافى | O168: 460
G169: =IFERROR(IF(SUMIF(المشتريات!C:C, 'حركة المخزن'!B169, المشتريات!F:F)=0,"",SUMIF(المشتريات!C:C, 'حركة المخزن'!B169, المشتريات!F:F)),"0") | H169: =IFERROR(IF(SUMIF(المشتريات!C:C, 'حركة المخزن'!B169, المشتريات!I:I)=0,"",SUMIF(المشتريات!C:C, 'حركة المخزن'!B169, المشتريات!I:I)),"0") | I169: =IFERROR(IF(SUMIF('تحليل مبيعات'!C:C, 'حركة المخزن'!B169, 'تحليل مبيعات'!H:H)=0,"",SUMIF('تحليل مبيعات'!C:C, 'حركة المخزن'!B169, 'تحليل مبيعات'!H:H)),"") | J169: =IFERROR(IF(SUMIF('تحليل مبيعات'!C:C, 'حركة المخزن'!B169, 'تحليل مبيعات'!L:L)=0,"",SUMIF('تحليل مبيعات'!C:C, 'حركة المخزن'!B169, 'تحليل مبيعات'!L:L)),"") | K169: =IFERROR(E169+G169-I169,"") | L169: =IFERROR(F169+H169-J169,"") | M169: 5 | N169: =IF(K169<M169,"أعادة الطلب","يوجد رصيد كافى") -> يوجد رصيد كافى
G170: =IFERROR(IF(SUMIF(المشتريات!C:C, 'حركة المخزن'!B170, المشتريات!F:F)=0,"",SUMIF(المشتريات!C:C, 'حركة المخزن'!B170, المشتريات!F:F)),"0") | H170: =IFERROR(IF(SUMIF(المشتريات!C:C, 'حركة المخزن'!B170, المشتريات!I:I)=0,"",SUMIF(المشتريات!C:C, 'حركة المخزن'!B170, المشتريات!I:I)),"0") | I170: =IFERROR(IF(SUMIF('تحليل مبيعات'!C:C, 'حركة المخزن'!B170, 'تحليل مبيعات'!H:H)=0,"",SUMIF('تحليل مبيعات'!C:C, 'حركة المخزن'!B170, 'تحليل مبيعات'!H:H)),"") | J170: =IFERROR(IF(SUMIF('تحليل مبيعات'!C:C, 'حركة المخزن'!B170, 'تحليل مبيعات'!L:L)=0,"",SUMIF('تحليل مبيعات'!C:C, 'حركة المخزن'!B170, 'تحليل مبيعات'!L:L)),"") | K170: =IFERROR(E170+G170-I170,"") | L170: =IFERROR(F170+H170-J170,"") | M170: 5 | N170: =IF(K170<M170,"أعادة الطلب","يوجد رصيد كافى") -> يوجد رصيد كافى
G171: =IFERROR(IF(SUMIF(المشتريات!C:C, 'حركة المخزن'!B171, المشتريات!F:F)=0,"",SUMIF(المشتريات!C:C, 'حركة المخزن'!B171, المشتريات!F:F)),"0") | H171: =IFERROR(IF(SUMIF(المشتريات!C:C, 'حركة المخزن'!B171, المشتريات!I:I)=0,"",SUMIF(المشتريات!C:C, 'حركة المخزن'!B171, المشتريات!I:I)),"0") | I171: =IFERROR(IF(SUMIF('تحليل مبيعات'!C:C, 'حركة المخزن'!B171, 'تحليل مبيعات'!H:H)=0,"",SUMIF('تحليل مبيعات'!C:C, 'حركة المخزن'!B171, 'تحليل مبيعات'!H:H)),"") | J171: =IFERROR(IF(SUMIF('تحليل مبيعات'!C:C, 'حركة المخزن'!B171, 'تحليل مبيعات'!L:L)=0,"",SUMIF('تحليل مبيعات'!C:C, 'حركة المخزن'!B171, 'تحليل مبيعات'!L:L)),"") | K171: =IFERROR(E171+G171-I171,"") | L171: =IFERROR(F171+H171-J171,"") | M171: 5 | N171: =IF(K171<M171,"أعادة الطلب","يوجد رصيد كافى") -> يوجد رصيد كافى
G172: =IFERROR(IF(SUMIF(المشتريات!C:C, 'حركة المخزن'!B172, المشتريات!F:F)=0,"",SUMIF(المشتريات!C:C, 'حركة المخزن'!B172, المشتريات!F:F)),"0") | H172: =IFERROR(IF(SUMIF(المشتريات!C:C, 'حركة المخزن'!B172, المشتريات!I:I)=0,"",SUMIF(المشتريات!C:C, 'حركة المخزن'!B172, المشتريات!I:I)),"0") | I172: =IFERROR(IF(SUMIF('تحليل مبيعات'!C:C, 'حركة المخزن'!B172, 'تحليل مبيعات'!H:H)=0,"",SUMIF('تحليل مبيعات'!C:C, 'حركة المخزن'!B172, 'تحليل مبيعات'!H:H)),"") | J172: =IFERROR(IF(SUMIF('تحليل مبيعات'!C:C, 'حركة المخزن'!B172, 'تحليل مبيعات'!L:L)=0,"",SUMIF('تحليل مبيعات'!C:C, 'حركة المخزن'!B172, 'تحليل مبيعات'!L:L)),"") | K172: =IFERROR(E172+G172-I172,"") | L172: =IFERROR(F172+H172-J172,"") | M172: 5 | N172: =IF(K172<M172,"أعادة الطلب","يوجد رصيد كافى") -> يوجد رصيد كافى
G173: =IFERROR(IF(SUMIF(المشتريات!C:C, 'حركة المخزن'!B173, المشتريات!F:F)=0,"",SUMIF(المشتريات!C:C, 'حركة المخزن'!B173, المشتريات!F:F)),"0") | H173: =IFERROR(IF(SUMIF(المشتريات!C:C, 'حركة المخزن'!B173, المشتريات!I:I)=0,"",SUMIF(المشتريات!C:C, 'حركة المخزن'!B173, المشتريات!I:I)),"0") | I173: =IFERROR(IF(SUMIF('تحليل مبيعات'!C:C, 'حركة المخزن'!B173, 'تحليل مبيعات'!H:H)=0,"",SUMIF('تحليل مبيعات'!C:C, 'حركة المخزن'!B173, 'تحليل مبيعات'!H:H)),"") | J173: =IFERROR(IF(SUMIF('تحليل مبيعات'!C:C, 'حركة المخزن'!B173, 'تحليل مبيعات'!L:L)=0,"",SUMIF('تحليل مبيعات'!C:C, 'حركة المخزن'!B173, 'تحليل مبيعات'!L:L)),"") | K173: =IFERROR(E173+G173-I173,"") | L173: =IFERROR(F173+H173-J173,"") | M173: 5 | N173: =IF(K173<M173,"أعادة الطلب","يوجد رصيد كافى") -> يوجد رصيد كافى
G174: =IFERROR(IF(SUMIF(المشتريات!C:C, 'حركة المخزن'!B174, المشتريات!F:F)=0,"",SUMIF(المشتريات!C:C, 'حركة المخزن'!B174, المشتريات!F:F)),"0") | H174: =IFERROR(IF(SUMIF(المشتريات!C:C, 'حركة المخزن'!B174, المشتريات!I:I)=0,"",SUMIF(المشتريات!C:C, 'حركة المخزن'!B174, المشتريات!I:I)),"0") | I174: =IFERROR(IF(SUMIF('تحليل مبيعات'!C:C, 'حركة المخزن'!B174, 'تحليل مبيعات'!H:H)=0,"",SUMIF('تحليل مبيعات'!C:C, 'حركة المخزن'!B174, 'تحليل مبيعات'!H:H)),"") | J174: =IFERROR(IF(SUMIF('تحليل مبيعات'!C:C, 'حركة المخزن'!B174, 'تحليل مبيعات'!L:L)=0,"",SUMIF('تحليل مبيعات'!C:C, 'حركة المخزن'!B174, 'تحليل مبيعات'!L:L)),"") | K174: =IFERROR(E174+G174-I174,"") | L174: =IFERROR(F174+H174-J174,"") | M174: 5 | N174: =IF(K174<M174,"أعادة الطلب","يوجد رصيد كافى") -> يوجد رصيد كافى
G175: =IFERROR(IF(SUMIF(المشتريات!C:C, 'حركة المخزن'!B175, المشتريات!F:F)=0,"",SUMIF(المشتريات!C:C, 'حركة المخزن'!B175, المشتريات!F:F)),"0") | H175: =IFERROR(IF(SUMIF(المشتريات!C:C, 'حركة المخزن'!B175, المشتريات!I:I)=0,"",SUMIF(المشتريات!C:C, 'حركة المخزن'!B175, المشتريات!I:I)),"0") | I175: =IFERROR(IF(SUMIF('تحليل مبيعات'!C:C, 'حركة المخزن'!B175, 'تحليل مبيعات'!H:H)=0,"",SUMIF('تحليل مبيعات'!C:C, 'حركة المخزن'!B175, 'تحليل مبيعات'!H:H)),"") | J175: =IFERROR(IF(SUMIF('تحليل مبيعات'!C:C, 'حركة المخزن'!B175, 'تحليل مبيعات'!L:L)=0,"",SUMIF('تحليل مبيعات'!C:C, 'حركة المخزن'!B175, 'تحليل مبيعات'!L:L)),"") | K175: =IFERROR(E175+G175-I175,"") | L175: =IFERROR(F175+H175-J175,"") | M175: 5 | N175: =IF(K175<M175,"أعادة الطلب","يوجد رصيد كافى") -> يوجد رصيد كافى
G176: =IFERROR(IF(SUMIF(المشتريات!C:C, 'حركة المخزن'!B176, المشتريات!F:F)=0,"",SUMIF(المشتريات!C:C, 'حركة المخزن'!B176, المشتريات!F:F)),"0") | H176: =IFERROR(IF(SUMIF(المشتريات!C:C, 'حركة المخزن'!B176, المشتريات!I:I)=0,"",SUMIF(المشتريات!C:C, 'حركة المخزن'!B176, المشتريات!I:I)),"0") | I176: =IFERROR(IF(SUMIF('تحليل مبيعات'!C:C, 'حركة المخزن'!B176, 'تحليل مبيعات'!H:H)=0,"",SUMIF('تحليل مبيعات'!C:C, 'حركة المخزن'!B176, 'تحليل مبيعات'!H:H)),"") | J176: =IFERROR(IF(SUMIF('تحليل مبيعات'!C:C, 'حركة المخزن'!B176, 'تحليل مبيعات'!L:L)=0,"",SUMIF('تحليل مبيعات'!C:C, 'حركة المخزن'!B176, 'تحليل مبيعات'!L:L)),"") | K176: =IFERROR(E176+G176-I176,"") | L176: =IFERROR(F176+H176-J176,"") | M176: 5 | N176: =IF(K176<M176,"أعادة الطلب","يوجد رصيد كافى") -> يوجد رصيد كافى
G177: =IFERROR(IF(SUMIF(المشتريات!C:C, 'حركة المخزن'!B177, المشتريات!F:F)=0,"",SUMIF(المشتريات!C:C, 'حركة المخزن'!B177, المشتريات!F:F)),"0") | H177: =IFERROR(IF(SUMIF(المشتريات!C:C, 'حركة المخزن'!B177, المشتريات!I:I)=0,"",SUMIF(المشتريات!C:C, 'حركة المخزن'!B177, المشتريات!I:I)),"0") | I177: =IFERROR(IF(SUMIF('تحليل مبيعات'!C:C, 'حركة المخزن'!B177, 'تحليل مبيعات'!H:H)=0,"",SUMIF('تحليل مبيعات'!C:C, 'حركة المخزن'!B177, 'تحليل مبيعات'!H:H)),"") | J177: =IFERROR(IF(SUMIF('تحليل مبيعات'!C:C, 'حركة المخزن'!B177, 'تحليل مبيعات'!L:L)=0,"",SUMIF('تحليل مبيعات'!C:C, 'حركة المخزن'!B177, 'تحليل مبيعات'!L:L)),"") | K177: =IFERROR(E177+G177-I177,"") | L177: =IFERROR(F177+H177-J177,"") | M177: 5 | N177: =IF(K177<M177,"أعادة الطلب","يوجد رصيد كافى") -> يوجد رصيد كافى
G178: =IFERROR(IF(SUMIF(المشتريات!C:C, 'حركة المخزن'!B178, المشتريات!F:F)=0,"",SUMIF(المشتريات!C:C, 'حركة المخزن'!B178, المشتريات!F:F)),"0") | H178: =IFERROR(IF(SUMIF(المشتريات!C:C, 'حركة المخزن'!B178, المشتريات!I:I)=0,"",SUMIF(المشتريات!C:C, 'حركة المخزن'!B178, المشتريات!I:I)),"0") | I178: =IFERROR(IF(SUMIF('تحليل مبيعات'!C:C, 'حركة المخزن'!B178, 'تحليل مبيعات'!H:H)=0,"",SUMIF('تحليل مبيعات'!C:C, 'حركة المخزن'!B178, 'تحليل مبيعات'!H:H)),"") | J178: =IFERROR(IF(SUMIF('تحليل مبيعات'!C:C, 'حركة المخزن'!B178, 'تحليل مبيعات'!L:L)=0,"",SUMIF('تحليل مبيعات'!C:C, 'حركة المخزن'!B178, 'تحليل مبيعات'!L:L)),"") | K178: =IFERROR(E178+G178-I178,"") | L178: =IFERROR(F178+H178-J178,"") | M178: 5 | N178: =IF(K178<M178,"أعادة الطلب","يوجد رصيد كافى") -> يوجد رصيد كافى
G179: =IFERROR(IF(SUMIF(المشتريات!C:C, 'حركة المخزن'!B179, المشتريات!F:F)=0,"",SUMIF(المشتريات!C:C, 'حركة المخزن'!B179, المشتريات!F:F)),"0") | H179: =IFERROR(IF(SUMIF(المشتريات!C:C, 'حركة المخزن'!B179, المشتريات!I:I)=0,"",SUMIF(المشتريات!C:C, 'حركة المخزن'!B179, المشتريات!I:I)),"0") | I179: =IFERROR(IF(SUMIF('تحليل مبيعات'!C:C, 'حركة المخزن'!B179, 'تحليل مبيعات'!H:H)=0,"",SUMIF('تحليل مبيعات'!C:C, 'حركة المخزن'!B179, 'تحليل مبيعات'!H:H)),"") | J179: =IFERROR(IF(SUMIF('تحليل مبيعات'!C:C, 'حركة المخزن'!B179, 'تحليل مبيعات'!L:L)=0,"",SUMIF('تحليل مبيعات'!C:C, 'حركة المخزن'!B179, 'تحليل مبيعات'!L:L)),"") | K179: =IFERROR(E179+G179-I179,"") | L179: =IFERROR(F179+H179-J179,"") | M179: 5 | N179: =IF(K179<M179,"أعادة الطلب","يوجد رصيد كافى") -> يوجد رصيد كافى
G180: =IFERROR(IF(SUMIF(المشتريات!C:C, 'حركة المخزن'!B180, المشتريات!F:F)=0,"",SUMIF(المشتريات!C:C, 'حركة المخزن'!B180, المشتريات!F:F)),"0") | H180: =IFERROR(IF(SUMIF(المشتريات!C:C, 'حركة المخزن'!B180, المشتريات!I:I)=0,"",SUMIF(المشتريات!C:C, 'حركة المخزن'!B180, المشتريات!I:I)),"0") | I180: =IFERROR(IF(SUMIF('تحليل مبيعات'!C:C, 'حركة المخزن'!B180, 'تحليل مبيعات'!H:H)=0,"",SUMIF('تحليل مبيعات'!C:C, 'حركة المخزن'!B180, 'تحليل مبيعات'!H:H)),"") | J180: =IFERROR(IF(SUMIF('تحليل مبيعات'!C:C, 'حركة المخزن'!B180, 'تحليل مبيعات'!L:L)=0,"",SUMIF('تحليل مبيعات'!C:C, 'حركة المخزن'!B180, 'تحليل مبيعات'!L:L)),"") | K180: =IFERROR(E180+G180-I180,"") | L180: =IFERROR(F180+H180-J180,"") | M180: 5 | N180: =IF(K180<M180,"أعادة الطلب","يوجد رصيد كافى") -> يوجد رصيد كافى
... G237: =IFERROR(IF(SUMIF(المشتريات!C:C, 'حركة المخزن'!B237, المشتريات!F:F)=0,"",SUMIF(المشتريات!C:C, 'حركة المخزن'!B237, المشتريات!F:F)),"0") | H237: =IFERROR(IF(SUMIF(المشتريات!C:C, 'حركة المخزن'!B237, المشتريات!I:I)=0,"",SUMIF(المشتريات!C:C, 'حركة المخزن'!B237, المشتريات!I:I)),"0") | I237: =IFERROR(IF(SUMIF('تحليل مبيعات'!C:C, 'حركة المخزن'!B237, 'تحليل مبيعات'!H:H)=0,"",SUMIF('تحليل مبيعات'!C:C, 'حركة المخزن'!B237, 'تحليل مبيعات'!H:H)),"") | J237: =IFERROR(IF(SUMIF('تحليل مبيعات'!C:C, 'حركة المخزن'!B237, 'تحليل مبيعات'!L:L)=0,"",SUMIF('تحليل مبيعات'!C:C, 'حركة المخزن'!B237, 'تحليل مبيعات'!L:L)),"") | K237: =IFERROR(E237+G237-I237,"") | L237: =IFERROR(F237+H237-J237,"") | M237: 5 | N237: =IF(K237<M237,"أعادة الطلب","يوجد رصيد كافى") -> يوجد رصيد كافى
G238: =IFERROR(IF(SUMIF(المشتريات!C:C, 'حركة المخزن'!B238, المشتريات!F:F)=0,"",SUMIF(المشتريات!C:C, 'حركة المخزن'!B238, المشتريات!F:F)),"") | H238: =IFERROR(IF(SUMIF(المشتريات!C:C, 'حركة المخزن'!B238, المشتريات!I:I)=0,"",SUMIF(المشتريات!C:C, 'حركة المخزن'!B238, المشتريات!I:I)),"") | I238: =IFERROR(IF(SUMIF('تحليل مبيعات'!C:C, 'حركة المخزن'!B238, 'تحليل مبيعات'!H:H)=0,"",SUMIF('تحليل مبيعات'!C:C, 'حركة المخزن'!B238, 'تحليل مبيعات'!H:H)),"") | J238: =IFERROR(IF(SUMIF('تحليل مبيعات'!C:C, 'حركة المخزن'!B238, 'تحليل مبيعات'!L:L)=0,"",SUMIF('تحليل مبيعات'!C:C, 'حركة المخزن'!B238, 'تحليل مبيعات'!L:L)),"") | K238: =IFERROR(E238+G238-I238,"") | L238: =IFERROR(F238+H238-J238,"") | M238: 5 | N238: =IF(K238<M238,"أعادة الطلب","يوجد رصيد كافى") -> يوجد رصيد كافى
G239: =IFERROR(IF(SUMIF(المشتريات!C:C, 'حركة المخزن'!B239, المشتريات!F:F)=0,"",SUMIF(المشتريات!C:C, 'حركة المخزن'!B239, المشتريات!F:F)),"") | H239: =IFERROR(IF(SUMIF(المشتريات!C:C, 'حركة المخزن'!B239, المشتريات!I:I)=0,"",SUMIF(المشتريات!C:C, 'حركة المخزن'!B239, المشتريات!I:I)),"") | I239: =IFERROR(IF(SUMIF('تحليل مبيعات'!C:C, 'حركة المخزن'!B239, 'تحليل مبيعات'!H:H)=0,"",SUMIF('تحليل مبيعات'!C:C, 'حركة المخزن'!B239, 'تحليل مبيعات'!H:H)),"") | J239: =IFERROR(IF(SUMIF('تحليل مبيعات'!C:C, 'حركة المخزن'!B239, 'تحليل مبيعات'!L:L)=0,"",SUMIF('تحليل مبيعات'!C:C, 'حركة المخزن'!B239, 'تحليل مبيعات'!L:L)),"") | K239: =IFERROR(E239+G239-I239,"") | L239: =IFERROR(F239+H239-J239,"") | M239: 5 | N239: =IF(K239<M239,"أعادة الطلب","يوجد رصيد كافى") -> يوجد رصيد كافى
G240: =IFERROR(IF(SUMIF(المشتريات!C:C, 'حركة المخزن'!B240, المشتريات!F:F)=0,"",SUMIF(المشتريات!C:C, 'حركة المخزن'!B240, المشتريات!F:F)),"") | H240: =IFERROR(IF(SUMIF(المشتريات!C:C, 'حركة المخزن'!B240, المشتريات!I:I)=0,"",SUMIF(المشتريات!C:C, 'حركة المخزن'!B240, المشتريات!I:I)),"") | I240: =IFERROR(IF(SUMIF('تحليل مبيعات'!C:C, 'حركة المخزن'!B240, 'تحليل مبيعات'!H:H)=0,"",SUMIF('تحليل مبيعات'!C:C, 'حركة المخزن'!B240, 'تحليل مبيعات'!H:H)),"") | J240: =IFERROR(IF(SUMIF('تحليل مبيعات'!C:C, 'حركة المخزن'!B240, 'تحليل مبيعات'!L:L)=0,"",SUMIF('تحليل مبيعات'!C:C, 'حركة المخزن'!B240, 'تحليل مبيعات'!L:L)),"") | K240: =IFERROR(E240+G240-I240,"") | L240: =IFERROR(F240+H240-J240,"") | M240: 5 | N240: =IF(K240<M240,"أعادة الطلب","يوجد رصيد كافى") -> يوجد رصيد كافى
G241: =IFERROR(IF(SUMIF(المشتريات!C:C, 'حركة المخزن'!B241, المشتريات!F:F)=0,"",SUMIF(المشتريات!C:C, 'حركة المخزن'!B241, المشتريات!F:F)),"") | H241: =IFERROR(IF(SUMIF(المشتريات!C:C, 'حركة المخزن'!B241, المشتريات!I:I)=0,"",SUMIF(المشتريات!C:C, 'حركة المخزن'!B241, المشتريات!I:I)),"") | I241: =IFERROR(IF(SUMIF('تحليل مبيعات'!C:C, 'حركة المخزن'!B241, 'تحليل مبيعات'!H:H)=0,"",SUMIF('تحليل مبيعات'!C:C, 'حركة المخزن'!B241, 'تحليل مبيعات'!H:H)),"") | J241: =IFERROR(IF(SUMIF('تحليل مبيعات'!C:C, 'حركة المخزن'!B241, 'تحليل مبيعات'!L:L)=0,"",SUMIF('تحليل مبيعات'!C:C, 'حركة المخزن'!B241, 'تحليل مبيعات'!L:L)),"") | K241: =IFERROR(E241+G241-I241,"") | L241: =IFERROR(F241+H241-J241,"") | M241: 5 | N241: =IF(K241<M241,"أعادة الطلب","يوجد رصيد كافى") -> يوجد رصيد كافى
G242: =IFERROR(IF(SUMIF(المشتريات!C:C, 'حركة المخزن'!B242, المشتريات!F:F)=0,"",SUMIF(المشتريات!C:C, 'حركة المخزن'!B242, المشتريات!F:F)),"") | H242: =IFERROR(IF(SUMIF(المشتريات!C:C, 'حركة المخزن'!B242, المشتريات!I:I)=0,"",SUMIF(المشتريات!C:C, 'حركة المخزن'!B242, المشتريات!I:I)),"") | I242: =IFERROR(IF(SUMIF('تحليل مبيعات'!C:C, 'حركة المخزن'!B242, 'تحليل مبيعات'!H:H)=0,"",SUMIF('تحليل مبيعات'!C:C, 'حركة المخزن'!B242, 'تحليل مبيعات'!H:H)),"") | J242: =IFERROR(IF(SUMIF('تحليل مبيعات'!C:C, 'حركة المخزن'!B242, 'تحليل مبيعات'!L:L)=0,"",SUMIF('تحليل مبيعات'!C:C, 'حركة المخزن'!B242, 'تحليل مبيعات'!L:L)),"") | K242: =IFERROR(E242+G242-I242,"") | L242: =IFERROR(F242+H242-J242,"") | M242: 5 | N242: =IF(K242<M242,"أعادة الطلب","يوجد رصيد كافى") -> يوجد رصيد كافى
G243: =IFERROR(IF(SUMIF(المشتريات!C:C, 'حركة المخزن'!B243, المشتريات!F:F)=0,"",SUMIF(المشتريات!C:C, 'حركة المخزن'!B243, المشتريات!F:F)),"") | H243: =IFERROR(IF(SUMIF(المشتريات!C:C, 'حركة المخزن'!B243, المشتريات!I:I)=0,"",SUMIF(المشتريات!C:C, 'حركة المخزن'!B243, المشتريات!I:I)),"") | I243: =IFERROR(IF(SUMIF('تحليل مبيعات'!C:C, 'حركة المخزن'!B243, 'تحليل مبيعات'!H:H)=0,"",SUMIF('تحليل مبيعات'!C:C, 'حركة المخزن'!B243, 'تحليل مبيعات'!H:H)),"") | J243: =IFERROR(IF(SUMIF('تحليل مبيعات'!C:C, 'حركة المخزن'!B243, 'تحليل مبيعات'!L:L)=0,"",SUMIF('تحليل مبيعات'!C:C, 'حركة المخزن'!B243, 'تحليل مبيعات'!L:L)),"") | K243: =IFERROR(E243+G243-I243,"") | L243: =IFERROR(F243+H243-J243,"") | M243: 5 | N243: =IF(K243<M243,"أعادة الطلب","يوجد رصيد كافى") -> يوجد رصيد كافى
G244: =IFERROR(IF(SUMIF(المشتريات!C:C, 'حركة المخزن'!B244, المشتريات!F:F)=0,"",SUMIF(المشتريات!C:C, 'حركة المخزن'!B244, المشتريات!F:F)),"") | H244: =IFERROR(IF(SUMIF(المشتريات!C:C, 'حركة المخزن'!B244, المشتريات!I:I)=0,"",SUMIF(المشتريات!C:C, 'حركة المخزن'!B244, المشتريات!I:I)),"") | I244: =IFERROR(IF(SUMIF('تحليل مبيعات'!C:C, 'حركة المخزن'!B244, 'تحليل مبيعات'!H:H)=0,"",SUMIF('تحليل مبيعات'!C:C, 'حركة المخزن'!B244, 'تحليل مبيعات'!H:H)),"") | J244: =IFERROR(IF(SUMIF('تحليل مبيعات'!C:C, 'حركة المخزن'!B244, 'تحليل مبيعات'!L:L)=0,"",SUMIF('تحليل مبيعات'!C:C, 'حركة المخزن'!B244, 'تحليل مبيعات'!L:L)),"") | K244: =IFERROR(E244+G244-I244,"") | L244: =IFERROR(F244+H244-J244,"") | M244: 5 | N244: =IF(K244<M244,"أعادة الطلب","يوجد رصيد كافى") -> يوجد رصيد كافى
G245: =IFERROR(IF(SUMIF(المشتريات!C:C, 'حركة المخزن'!B245, المشتريات!F:F)=0,"",SUMIF(المشتريات!C:C, 'حركة المخزن'!B245, المشتريات!F:F)),"") | H245: =IFERROR(IF(SUMIF(المشتريات!C:C, 'حركة المخزن'!B245, المشتريات!I:I)=0,"",SUMIF(المشتريات!C:C, 'حركة المخزن'!B245, المشتريات!I:I)),"") | I245: =IFERROR(IF(SUMIF('تحليل مبيعات'!C:C, 'حركة المخزن'!B245, 'تحليل مبيعات'!H:H)=0,"",SUMIF('تحليل مبيعات'!C:C, 'حركة المخزن'!B245, 'تحليل مبيعات'!H:H)),"") | J245: =IFERROR(IF(SUMIF('تحليل مبيعات'!C:C, 'حركة المخزن'!B245, 'تحليل مبيعات'!L:L)=0,"",SUMIF('تحليل مبيعات'!C:C, 'حركة المخزن'!B245, 'تحليل مبيعات'!L:L)),"") | K245: =IFERROR(E245+G245-I245,"") | L245: =IFERROR(F245+H245-J245,"") | M245: 5 | N245: =IF(K245<M245,"أعادة الطلب","يوجد رصيد كافى") -> يوجد رصيد كافى
G246: =IFERROR(IF(SUMIF(المشتريات!C:C, 'حركة المخزن'!B246, المشتريات!F:F)=0,"",SUMIF(المشتريات!C:C, 'حركة المخزن'!B246, المشتريات!F:F)),"") | H246: =IFERROR(IF(SUMIF(المشتريات!C:C, 'حركة المخزن'!B246, المشتريات!I:I)=0,"",SUMIF(المشتريات!C:C, 'حركة المخزن'!B246, المشتريات!I:I)),"") | I246: =IFERROR(IF(SUMIF('تحليل مبيعات'!C:C, 'حركة المخزن'!B246, 'تحليل مبيعات'!H:H)=0,"",SUMIF('تحليل مبيعات'!C:C, 'حركة المخزن'!B246, 'تحليل مبيعات'!H:H)),"") | J246: =IFERROR(IF(SUMIF('تحليل مبيعات'!C:C, 'حركة المخزن'!B246, 'تحليل مبيعات'!L:L)=0,"",SUMIF('تحليل مبيعات'!C:C, 'حركة المخزن'!B246, 'تحليل مبيعات'!L:L)),"") | K246: =IFERROR(E246+G246-I246,"") | L246: =IFERROR(F246+H246-J246,"") | M246: 5 | N246: =IF(K246<M246,"أعادة الطلب","يوجد رصيد كافى") -> يوجد رصيد كافى
G247: =IFERROR(IF(SUMIF(المشتريات!C:C, 'حركة المخزن'!B247, المشتريات!F:F)=0,"",SUMIF(المشتريات!C:C, 'حركة المخزن'!B247, المشتريات!F:F)),"") | H247: =IFERROR(IF(SUMIF(المشتريات!C:C, 'حركة المخزن'!B247, المشتريات!I:I)=0,"",SUMIF(المشتريات!C:C, 'حركة المخزن'!B247, المشتريات!I:I)),"") | I247: =IFERROR(IF(SUMIF('تحليل مبيعات'!C:C, 'حركة المخزن'!B247, 'تحليل مبيعات'!H:H)=0,"",SUMIF('تحليل مبيعات'!C:C, 'حركة المخزن'!B247, 'تحليل مبيعات'!H:H)),"") | J247: =IFERROR(IF(SUMIF('تحليل مبيعات'!C:C, 'حركة المخزن'!B247, 'تحليل مبيعات'!L:L)=0,"",SUMIF('تحليل مبيعات'!C:C, 'حركة المخزن'!B247, 'تحليل مبيعات'!L:L)),"") | K247: =IFERROR(E247+G247-I247,"") | L247: =IFERROR(F247+H247-J247,"") | M247: 5 | N247: =IF(K247<M247,"أعادة الطلب","يوجد رصيد كافى") -> يوجد رصيد كافى
G248: =IFERROR(IF(SUMIF(المشتريات!C:C, 'حركة المخزن'!B248, المشتريات!F:F)=0,"",SUMIF(المشتريات!C:C, 'حركة المخزن'!B248, المشتريات!F:F)),"") | H248: =IFERROR(IF(SUMIF(المشتريات!C:C, 'حركة المخزن'!B248, المشتريات!I:I)=0,"",SUMIF(المشتريات!C:C, 'حركة المخزن'!B248, المشتريات!I:I)),"") | I248: =IFERROR(IF(SUMIF('تحليل مبيعات'!C:C, 'حركة المخزن'!B248, 'تحليل مبيعات'!H:H)=0,"",SUMIF('تحليل مبيعات'!C:C, 'حركة المخزن'!B248, 'تحليل مبيعات'!H:H)),"") | J248: =IFERROR(IF(SUMIF('تحليل مبيعات'!C:C, 'حركة المخزن'!B248, 'تحليل مبيعات'!L:L)=0,"",SUMIF('تحليل مبيعات'!C:C, 'حركة المخزن'!B248, 'تحليل مبيعات'!L:L)),"") | K248: =IFERROR(E248+G248-I248,"") | L248: =IFERROR(F248+H248-J248,"") | M248: 5 | N248: =IF(K248<M248,"أعادة الطلب","يوجد رصيد كافى") -> يوجد رصيد كافى
G249: =IFERROR(IF(SUMIF(المشتريات!C:C, 'حركة المخزن'!B249, المشتريات!F:F)=0,"",SUMIF(المشتريات!C:C, 'حركة المخزن'!B249, المشتريات!F:F)),"") | H249: =IFERROR(IF(SUMIF(المشتريات!C:C, 'حركة المخزن'!B249, المشتريات!I:I)=0,"",SUMIF(المشتريات!C:C, 'حركة المخزن'!B249, المشتريات!I:I)),"") | I249: =IFERROR(IF(SUMIF('تحليل مبيعات'!C:C, 'حركة المخزن'!B249, 'تحليل مبيعات'!H:H)=0,"",SUMIF('تحليل مبيعات'!C:C, 'حركة المخزن'!B249, 'تحليل مبيعات'!H:H)),"") | J249: =IFERROR(IF(SUMIF('تحليل مبيعات'!C:C, 'حركة المخزن'!B249, 'تحليل مبيعات'!L:L)=0,"",SUMIF('تحليل مبيعات'!C:C, 'حركة المخزن'!B249, 'تحليل مبيعات'!L:L)),"") | K249: =IFERROR(E249+G249-I249,"") | L249: =IFERROR(F249+H249-J249,"") | M249: 5 | N249: =IF(K249<M249,"أعادة الطلب","يوجد رصيد كافى") -> يوجد رصيد كافى
... G1117: =IFERROR(IF(SUMIF(المشتريات!C:C, 'حركة المخزن'!B1117, المشتريات!F:F)=0,"",SUMIF(المشتريات!C:C, 'حركة المخزن'!B1117, المشتريات!F:F)),"") | H1117: =IFERROR(IF(SUMIF(المشتريات!C:C, 'حركة المخزن'!B1117, المشتريات!I:I)=0,"",SUMIF(المشتريات!C:C, 'حركة المخزن'!B1117, المشتريات!I:I)),"") | I1117: =IFERROR(IF(SUMIF('تحليل مبيعات'!C:C, 'حركة المخزن'!B1117, 'تحليل مبيعات'!H:H)=0,"",SUMIF('تحليل مبيعات'!C:C, 'حركة المخزن'!B1117, 'تحليل مبيعات'!H:H)),"") | J1117: =IFERROR(IF(SUMIF('تحليل مبيعات'!C:C, 'حركة المخزن'!B1117, 'تحليل مبيعات'!L:L)=0,"",SUMIF('تحليل مبيعات'!C:C, 'حركة المخزن'!B1117, 'تحليل مبيعات'!L:L)),"") | K1117: =IFERROR(E1117+G1117-I1117,"") | L1117: =IFERROR(F1117+H1117-J1117,"") | M1117: 5 | N1117: =IF(K1117<M1117,"أعادة الطلب","يوجد رصيد كافى") -> يوجد رصيد كافى

Sheet المشتريات
B1: التاريخ | C1: الصنف | D1: رقم الفاتورة | E1: اسم المورد | F1: الكمية | G1: تكلفة الوحدة | H1: تكاليف اضافية | I1: اجمالي التكلفة | J1: تكلفة الوحدة | K1: سعر الكاش | L1: سعر البيع في السوق | W1: الشهر | AO1: الصنف | AP1: اجمالي التكلفة
B2: {=_xlfn._xlws.FILTER('دفتر اليومية'!B:B,'دفتر اليومية'!E:E="مشتريات")} -> 45871 | C2: {=_xlfn._xlws.FILTER('دفتر اليومية'!D:D,'دفتر اليومية'!E:E="مشتريات")} -> بطارية كلورايد 70 نسر | D2: {=_xlfn._xlws.FILTER('دفتر اليومية'!G:G,'دفتر اليومية'!E:E="مشتريات")} -> 458885 | E2: {=_xlfn._xlws.FILTER('دفتر اليومية'!H:H,'دفتر اليومية'!E:E="مشتريات")} -> Client 20 | F2: {=_xlfn._xlws.FILTER('دفتر اليومية'!I:I,'دفتر اليومية'!E:E="مشتريات")} -> 5 | G2: {=_xlfn._xlws.FILTER('دفتر اليومية'!J:J,'دفتر اليومية'!E:E="مشتريات")} -> 150 | I2: =F2*G2+H2 -> 750 | J2: =H2/F2 -> 0 | W2: =IF(B2="","",TEXT(B2,"mmm")) -> Aug | AO2: اكصدام امامى | AP2: 2000
B3: 45784 | C3: اكصدام امامى | D3: 458886 | E3: Client 20 | F3: 10 | G3: 200 | I3: =F3*G3+H3 -> 2000 | J3: =IFERROR(H3/F3,"") -> 0 | W3: =IF(B3="","",TEXT(B3,"mmm")) -> May | AO3: بطارية كلورايد 70 نسر | AP3: 750
I4: =F4*G4+H4 -> 0 | J4: =IFERROR(H4/F4,"") | W4: =IF(B4="","",TEXT(B4,"mmm")) | AO4: Grand Total | AP4: 2750
I5: =F5*G5+H5 -> 0 | J5: =IFERROR(H5/F5,"") | W5: =IF(B5="","",TEXT(B5,"mmm"))
I6: =F6*G6+H6 -> 0 | J6: =IFERROR(H6/F6,"") | W6: =IF(B6="","",TEXT(B6,"mmm"))
I7: =F7*G7+H7 -> 0 | J7: =IFERROR(H7/F7,"") | N7: 500000 | W7: =IF(B7="","",TEXT(B7,"mmm"))
I8: =F8*G8+H8 -> 0 | J8: =IFERROR(H8/F8,"") | N8: 38000 | W8: =IF(B8="","",TEXT(B8,"mmm"))
I9: =F9*G9+H9 -> 0 | J9: =IFERROR(H9/F9,"") | N9: =N8/N7 -> 0.076 | W9: =IF(B9="","",TEXT(B9,"mmm"))
I10: =F10*G10+H10 -> 0 | J10: =IFERROR(H10/F10,"") | N10: =N7*5% -> 25000 | W10: =IF(B10="","",TEXT(B10,"mmm"))
I11: =F11*G11+H11 -> 0 | J11: =IFERROR(H11/F11,"") | N11: 30000 | W11: =IF(B11="","",TEXT(B11,"mmm"))
I12: =F12*G12+H12 -> 0 | J12: =IFERROR(H12/F12,"") | N12: =N11/N7 -> 0.06 | W12: =IF(B12="","",TEXT(B12,"mmm"))
I13: =F13*G13+H13 -> 0 | J13: =IFERROR(H13/F13,"") | W13: =IF(B13="","",TEXT(B13,"mmm"))
I14: =F14*G14+H14 -> 0 | J14: =IFERROR(H14/F14,"") | W14: =IF(B14="","",TEXT(B14,"mmm"))
I15: =F15*G15+H15 -> 0 | J15: =IFERROR(H15/F15,"") | W15: =IF(B15="","",TEXT(B15,"mmm"))
I16: =F16*G16+H16 -> 0 | J16: =IFERROR(H16/F16,"") | W16: =IF(B16="","",TEXT(B16,"mmm"))
I17: =F17*G17+H17 -> 0 | J17: =IFERROR(H17/F17,"") | W17: =IF(B17="","",TEXT(B17,"mmm"))
W18: =IF(B18="","",TEXT(B18,"mmm"))
W19: =IF(B19="","",TEXT(B19,"mmm"))
W20: =IF(B20="","",TEXT(B20,"mmm"))
W21: =IF(B21="","",TEXT(B21,"mmm"))
W22: =IF(B22="","",TEXT(B22,"mmm"))
W23: =IF(B23="","",TEXT(B23,"mmm"))
W24: =IF(B24="","",TEXT(B24,"mmm"))
W25: =IF(B25="","",TEXT(B25,"mmm"))
W26: =IF(B26="","",TEXT(B26,"mmm"))
W27: =IF(B27="","",TEXT(B27,"mmm"))
W28: =IF(B28="","",TEXT(B28,"mmm"))
W29: =IF(B29="","",TEXT(B29,"mmm"))
... W994: =IF(B994="","",TEXT(B994,"mmm"))

Sheet تحليل مبيعات
D1: المبيعات | E1: الكاش | F1: الاجل | G1: اجمالي المبيعات | H1: التكلفة | I1: مجمل الربح | J1: هامش الربح | K1: المصاريف | L1: صافي الربح
D2: كاوتش | E2: 156050 | F2: 180050 | G2: =E2+F2 -> 336100 | H2: 237291.5 | I2: =G2-H2 -> 98808.5 | J2: =I2/G2 -> 0.29398542
D3: بطارية | E3: 60800 | F3: 7850 | G3: =E3+F3 -> 68650 | H3: 57775 | I3: =G3-H3 -> 10875 | J3: =I3/G3 -> 0.15841224
D4: قطع غيار | E4: 152105 | F4: 0 | G4: =E4+F4 -> 152105 | H4: 93375.8 | I4: =G4-H4 -> 58729.2 | J4: =I4/G4 -> 0.3861096
D5: الاجمالي | E5: =SUBTOTAL(9,E2:E4) -> 368955 | F5: =SUBTOTAL(9,F2:F4) -> 187900 | G5: =SUBTOTAL(9,G2:G4) -> 556855 | H5: =SUBTOTAL(9,H2:H4) -> 388442.3 | I5: =SUBTOTAL(9,I2:I4) -> 168412.7 | J5: =I5/G5 -> 0.30243546 | K5: 38050 | L5: =I5-K5 -> 130362.7 | M5: =K5/I5 -> 0.22593308
F7: قطع غيار
H8: =SUBTOTAL(9,H10:H425) -> 637 | I8: =SUBTOTAL(9,I10:I425) -> 66870 | J8: =SUBTOTAL(9,J10:J425) -> 99508 | K8: =SUBTOTAL(9,K10:K425) -> 321791.88 | L8: =SUBTOTAL(9,L10:L425) -> 559030 | M8: =SUBTOTAL(9,M10:M425) -> 459522 | N8: =M8/L8 -> 0.82199882
B9: التاريخ | C9: الصنف | D9: كود الصنف | E9: العميل | F9: التصنيف | G9: نوع الحركة | H9: الكمية | I9: تكلفة الوحدة | J9: اجمالي التكلفة | K9: سعر البيع للوحدة | L9: اجمالي سعر البيع | M9: مجمل الربح | N9: يجب مراجعة العمليات المعلمة باللون الاحمر | W9: الشهر
B10: 45840 | C10: بطارية كلورايد 70 معكوسة | E10: cleint 4 | F10: بطارية | G10: كاش | H10: 1 | I10: =INDEX('حركة المخزن'!O:O,MATCH('تحليل مبيعات'!C10,'حركة المخزن'!B:B,0)) -> 335 | J10: =H10*I10 -> 335 | K10: 1750 | L10: =H10*K10 -> 1750 | M10: =L10-J10 -> 1415 | W10: =IF(B10="","",TEXT(B10,"mmm")) -> Jul
B11: 45834 | C11: اكسليرا 13/175/70 | E11: client 6 | F11: كاوتش | G11: كاش | H11: 1 | I11: =INDEX('حركة المخزن'!O:O,MATCH('تحليل مبيعات'!C11,'حركة المخزن'!B:B,0)) -> 100 | J11: =H11*I11 -> 100 | K11: 1750 | L11: =H11*K11 -> 1750 | M11: =L11-J11 -> 1650 | W11: =IF(B11="","",TEXT(B11,"mmm")) -> Jun
B12: 45842 | C12: بلف كتينة | E12: cleint 5 | F12: قطع غيار | G12: كاش | H12: 5 | I12: =INDEX('حركة المخزن'!O:O,MATCH('تحليل مبيعات'!C12,'حركة المخزن'!B:B,0)) -> 100 | J12: =H12*I12 -> 500 | K12: 190 | L12: =H12*K12 -> 950 | M12: =L12-J12 -> 450 | W12: =IF(B12="","",TEXT(B12,"mmm")) -> Jul
B13: 45842 | C13: مروحة تويوتا عريضة | E13: cleint 5 | F13: قطع غيار | G13: كاش | H13: 5 | I13: =INDEX('حركة المخزن'!O:O,MATCH('تحليل مبيعات'!C13,'حركة المخزن'!B:B,0)) -> 100 | J13: =H13*I13 -> 500 | K13: 220 | L13: =H13*K13 -> 1100 | M13: =L13-J13 -> 600 | W13: =IF(B13="","",TEXT(B13,"mmm")) -> Jul
B14: 45842 | C14: قميص رداتير | E14: cleint 5 | F14: قطع غيار | G14: كاش | H14: 5 | I14: =INDEX('حركة المخزن'!O:O,MATCH('تحليل مبيعات'!C14,'حركة المخزن'!B:B,0)) -> 100 | J14: =H14*I14 -> 500 | K14: 220 | L14: =H14*K14 -> 1100 | M14: =L14-J14 -> 600 | W14: =IF(B14="","",TEXT(B14,"mmm")) -> Jul
B15: 45842 | C15: طقم جوان تويوتا | E15: cleint 5 | F15: قطع غيار | G15: كاش | H15: 1 | I15: =INDEX('حركة المخزن'!O:O,MATCH('تحليل مبيعات'!C15,'حركة المخزن'!B:B,0)) -> 100 | J15: =H15*I15 -> 100 | K15: 400 | L15: =H15*K15 -> 400 | M15: =L15-J15 -> 300 | W15: =IF(B15="","",TEXT(B15,"mmm")) -> Jul
B16: 45841 | C16: طقم تيل امامى | E16: client 6 | F16: قطع غيار | G16: كاش | H16: 1 | I16: =INDEX('حركة المخزن'!O:O,MATCH('تحليل مبيعات'!C16,'حركة المخزن'!B:B,0)) -> 100 | J16: =H16*I16 -> 100 | K16: 200 | L16: =H16*K16 -> 200 | M16: =L16-J16 -> 100 | W16: =IF(B16="","",TEXT(B16,"mmm")) -> Jul
B17: 45843 | C17: طقم تيل امامى | E17: cleint 4 | F17: قطع غيار | G17: كاش | H17: 1 | I17: =INDEX('حركة المخزن'!O:O,MATCH('تحليل مبيعات'!C17,'حركة المخزن'!B:B,0)) -> 100 | J17: =H17*I17 -> 100 | K17: 325 | L17: =H17*K17 -> 325 | M17: =L17-J17 -> 225 | W17: =IF(B17="","",TEXT(B17,"mmm")) -> Jul
B18: 45843 | C18: غطاء تنك | E18: cleint 4 | F18: قطع غيار | G18: كاش | H18: 1 | I18: =INDEX('حركة المخزن'!O:O,MATCH('تحليل مبيعات'!C18,'حركة المخزن'!B:B,0)) -> 150 | J18: =H18*I18 -> 150 | K18: 70 | L18: =H18*K18 -> 70 | M18: =L18-J18 -> -80 | W18: =IF(B18="","",TEXT(B18,"mmm")) -> Jul
B19: 45843 | C19: طقم تيل امامى | E19: Client 3 | F19: قطع غيار | G19: كاش | H19: 1 | I19: =INDEX('حركة المخزن'!O:O,MATCH('تحليل مبيعات'!C19,'حركة المخزن'!B:B,0)) -> 100 | J19: =H19*I19 -> 100 | K19: 325 | L19: =H19*K19 -> 325 | M19: =L19-J19 -> 225 | W19: =IF(B19="","",TEXT(B19,"mmm")) -> Jul
B20: 45843 | C20: طقم بلية صره امامى + اويل سيل | E20: Client 3 | F20: قطع غيار | G20: كاش | H20: 2 | I20: =INDEX('حركة المخزن'!O:O,MATCH('تحليل مبيعات'!C20,'حركة المخزن'!B:B,0)) -> 70 | J20: =H20*I20 -> 140 | K20: 175 | L20: =H20*K20 -> 350 | M20: =L20-J20 -> 210 | W20: =IF(B20="","",TEXT(B20,"mmm")) -> Jul
B21: 45843 | C21: طقم تيل امامى | E21: cleint 4 | F21: قطع غيار | G21: كاش | H21: 1 | I21: =INDEX('حركة المخزن'!O:O,MATCH('تحليل مبيعات'!C21,'حركة المخزن'!B:B,0)) -> 100 | J21: =H21*I21 -> 100 | K21: 325 | L21: =H21*K21 -> 325 | M21: =L21-J21 -> 225 | W21: =IF(B21="","",TEXT(B21,"mmm")) -> Jul
... B53: 45848 | C53: طلمة بنزين | E53: cleint 4 | F53: قطع غيار | G53: كاش | H53: 1 | I53: =INDEX('حركة المخزن'!O:O,MATCH('تحليل مبيعات'!C53,'حركة المخزن'!B:B,0)) -> 105 | J53: =H53*I53 -> 105 | K53: 350 | L53: =H53*K53 -> 350 | M53: =L53-J53 -> 245 | W53: =IF(B53="","",TEXT(B53,"mmm")) -> Jul
B54: 45848 | C54: طقم جوان تويوتا | E54: Client 8 | F54: قطع غيار | G54: كاش | I54: =INDEX('حركة المخزن'!O:O,MATCH('تحليل مبيعات'!C54,'حركة المخزن'!B:B,0)) -> 100 | J54: =H54*I54 -> 0 | K54: 0 | L54: =H54*K54 -> 0 | M54: =L54-J54 -> 0 | W54: =IF(B54="","",TEXT(B54,"mmm")) -> Jul
B55: 45848 | C55: طمبورة شداد باور | E55: cleint 4 | F55: قطع غيار | G55: كاش | H55: 1 | I55: =INDEX('حركة المخزن'!O:O,MATCH('تحليل مبيعات'!C55,'حركة المخزن'!B:B,0)) -> 110 | J55: =H55*I55 -> 110 | K55: 220 | L55: =H55*K55 -> 220 | M55: =L55-J55 -> 110 | W55: =IF(B55="","",TEXT(B55,"mmm")) -> Jul
B56: 45848 | C56: طقم تيل امامى | E56: cleint 4 | F56: قطع غيار | G56: كاش | H56: 1 | I56: =INDEX('حركة المخزن'!O:O,MATCH('تحليل مبيعات'!C56,'حركة المخزن'!B:B,0)) -> 60 | J56: =H56*I56 -> 60 | K56: 325 | L56: =H56*K56 -> 325 | M56: =L56-J56 -> 265 | W56: =IF(B56="","",TEXT(B56,"mmm")) -> Jul
B57: 45849 | C57: طقم تيل امامى | E57: cleint 4 | F57: قطع غيار | G57: كاش | H57: 1 | I57: =INDEX('حركة المخزن'!O:O,MATCH('تحليل مبيعات'!C57,'حركة المخزن'!B:B,0)) -> 60 | J57: =H57*I57 -> 60 | K57: 325 | L57: =H57*K57 -> 325 | M57: =L57-J57 -> 265 | W57: =IF(B57="","",TEXT(B57,"mmm")) -> Jul
B58: 45849 | C58: اسبراتير تويوتا سباركس | E58: cleint 4 | F58: قطع غيار | G58: كاش | H58: 1 | I58: =INDEX('حركة المخزن'!O:O,MATCH('تحليل مبيعات'!C58,'حركة المخزن'!B:B,0)) -> 75 | J58: =H58*I58 -> 75 | K58: 2600 | L58: =H58*K58 -> 2600 | M58: =L58-J58 -> 2525 | W58: =IF(B58="","",TEXT(B58,"mmm")) -> Jul
B59: 45849 | C59: طلمبة مياه يبانى | E59: cleint 4 | F59: قطع غيار | G59: كاش | H59: 1 | I59: =INDEX('حركة المخزن'!O:O,MATCH('تحليل مبيعات'!C59,'حركة المخزن'!B:B,0)) -> 115 | J59: =H59*I59 -> 115 | K59: 750 | L59: =H59*K59 -> 750 | M59: =L59-J59 -> 635 | W59: =IF(B59="","",TEXT(B59,"mmm")) -> Jul
B60: 45849 | C60: اربه مياه | E60: cleint 4 | F60: قطع غيار | G60: كاش | H60: 1 | I60: =INDEX('حركة المخزن'!O:O,MATCH('تحليل مبيعات'!C60,'حركة المخزن'!B:B,0)) -> 120 | J60: =H60*I60 -> 120 | K60: 200 | L60: =H60*K60 -> 200 | M60: =L60-J60 -> 80 | W60: =IF(B60="","",TEXT(B60,"mmm")) -> Jul
B61: 45849 | C61: غطاء اسبرتير | E61: cleint 4 | F61: قطع غيار | G61: كاش | H61: 1 | I61: =INDEX('حركة المخزن'!O:O,MATCH('تحليل مبيعات'!C61,'حركة المخزن'!B:B,0)) -> 90 | J61: =H61*I61 -> 90 | K61: 300 | L61: =H61*K61 -> 300 | M61: =L61-J61 -> 210 | W61: =IF(B61="","",TEXT(B61,"mmm")) -> Jul
B62: 45849 | C62: طقم تيل امامى | E62: cleint 4 | F62: قطع غيار | G62: كاش | H62: 1 | I62: =INDEX('حركة المخزن'!O:O,MATCH('تحليل مبيعات'!C62,'حركة المخزن'!B:B,0)) -> 60 | J62: =H62*I62 -> 60 | K62: 325 | L62: =H62*K62 -> 325 | M62: =L62-J62 -> 265 | W62: =IF(B62="","",TEXT(B62,"mmm")) -> Jul
B63: 45849 | C63: كوبات بوجهات اصلى | E63: Client 10 | F63: قطع غيار | G63: كاش | H63: 4 | I63: =INDEX('حركة المخزن'!O:O,MATCH('تحليل مبيعات'!C63,'حركة المخزن'!B:B,0)) -> 125 | J63: =H63*I63 -> 500 | K63: 32.5 | L63: =H63*K63 -> 130 | M63: =L63-J63 -> -370 | W63: =IF(B63="","",TEXT(B63,"mmm")) -> Jul
B64: 45849 | C64: بوجيه تخين سن طويل/ كارت | E64: Client 10 | F64: قطع غيار | G64: كاش | H64: 4 | I64: =INDEX('حركة المخزن'!O:O,MATCH('تحليل مبيعات'!C64,'حركة المخزن'!B:B,0)) -> 130 | J64: =H64*I64 -> 520 | K64: 67.5 | L64: =H64*K64 -> 270 | M64: =L64-J64 -> -250 | W64: =IF(B64="","",TEXT(B64,"mmm")) -> Jul
B65: 45849 | C65: طقم تيل امامى | E65: cleint 4 | F65: قطع غيار | G65: كاش | H65: 1 | I65: =INDEX('حركة المخزن'!O:O,MATCH('تحليل مبيعات'!C65,'حركة المخزن'!B:B,0)) -> 60 | J65: =H65*I65 -> 60 | K65: 325 | L65: =H65*K65 -> 325 | M65: =L65-J65 -> 265 | W65: =IF(B65="","",TEXT(B65,"mmm")) -> Jul
B66: 45849 | C66: بطارية كلورايد 90 | E66: cleint 5 | F66: بطارية | G66: كاش | H66: 1 | I66: =INDEX('حركة المخزن'!O:O,MATCH('تحليل مبيعات'!C66,'حركة المخزن'!B:B,0)) -> 350 | J66: =H66*I66 -> 350 | K66: 2750 | L66: =H66*K66 -> 2750 | M66: =L66-J66 -> 2400 | W66: =IF(B66="","",TEXT(B66,"mmm")) -> Jul
... B113: 45854 | C113: رداتير جان بى | E113: client 6 | F113: قطع غيار | G113: كاش | H113: 1 | I113: =INDEX('حركة المخزن'!O:O,MATCH('تحليل مبيعات'!C113,'حركة المخزن'!B:B,0)) -> 5 | J113: =H113*I113 -> 5 | K113: 2450 | L113: =H113*K113 -> 2450 | M113: =L113-J113 -> 2445 | W113: =IF(B113="","",TEXT(B113,"mmm")) -> Jul
B114: 45854 | C114: كوستبان | E114: Client 8 | F114: قطع غيار | G114: كاش | I114: =INDEX('حركة المخزن'!O:O,MATCH('تحليل مبيعات'!C114,'حركة المخزن'!B:B,0)) -> 195 | J114: =H114*I114 -> 0 | K114: 0 | L114: =H114*K114 -> 0 | M114: =L114-J114 -> 0 | W114: =IF(B114="","",TEXT(B114,"mmm")) -> Jul
B115: 45854 | C115: سير ديانمو | E115: client 6 | F115: قطع غيار | G115: كاش | H115: 1 | I115: =INDEX('حركة المخزن'!O:O,MATCH('تحليل مبيعات'!C115,'حركة المخزن'!B:B,0)) -> 145 | J115: =H115*I115 -> 145 | K115: 150 | L115: =H115*K115 -> 150 | M115: =L115-J115 -> 5 | W115: =IF(B115="","",TEXT(B115,"mmm")) -> Jul
B116: 45854 | C116: سير مشرشر 13*1050 | E116: client 6 | F116: قطع غيار | G116: كاش | H116: 1 | I116: =INDEX('حركة المخزن'!O:O,MATCH('تحليل مبيعات'!C116,'حركة المخزن'!B:B,0)) -> 455 | J116: =H116*I116 -> 455 | K116: 150 | L116: =H116*K116 -> 150 | M116: =L116-J116 -> -305 | W116: =IF(B116="","",TEXT(B116,"mmm")) -> Jul
B117: 45854 | C117: سلك بوجيهات جان بى | E117: client 6 | F117: قطع غيار | G117: كاش | H117: 1 | I117: =INDEX('حركة المخزن'!O:O,MATCH('تحليل مبيعات'!C117,'حركة المخزن'!B:B,0)) -> 54 | J117: =H117*I117 -> 54 | K117: 250 | L117: =H117*K117 -> 250 | M117: =L117-J117 -> 196 | W117: =IF(B117="","",TEXT(B117,"mmm")) -> Jul
B118: 45854 | C118: قميص رداتير | E118: Client 10 | F118: قطع غيار | G118: كاش | H118: 1 | I118: =INDEX('حركة المخزن'!O:O,MATCH('تحليل مبيعات'!C118,'حركة المخزن'!B:B,0)) -> 100 | J118: =H118*I118 -> 100 | K118: 0 | L118: =H118*K118 -> 0 | M118: =L118-J118 -> -100 | W118: =IF(B118="","",TEXT(B118,"mmm")) -> Jul
B119: 45855 | C119: بطارية كلورايد 70 | E119: client 6 | F119: بطارية | G119: كاش | H119: 1 | I119: =INDEX('حركة المخزن'!O:O,MATCH('تحليل مبيعات'!C119,'حركة المخزن'!B:B,0)) -> 370 | J119: =H119*I119 -> 370 | K119: 1750 | L119: =H119*K119 -> 1750 | M119: =L119-J119 -> 1380 | W119: =IF(B119="","",TEXT(B119,"mmm")) -> Jul
B120: 45855 | C120: بطارية كلورايد 70 | E120: Client 7 | F120: بطارية | G120: كاش | H120: 1 | I120: =INDEX('حركة المخزن'!O:O,MATCH('تحليل مبيعات'!C120,'حركة المخزن'!B:B,0)) -> 370 | J120: =H120*I120 -> 370 | K120: 1700 | L120: =H120*K120 -> 1700 | M120: =L120-J120 -> 1330 | W120: =IF(B120="","",TEXT(B120,"mmm")) -> Jul
B121: 45855 | C121: زيت باكم - فرامل- حجم صغير | E121: cleint 4 | F121: قطع غيار | G121: كاش | H121: 1 | I121: =INDEX('حركة المخزن'!O:O,MATCH('تحليل مبيعات'!C121,'حركة المخزن'!B:B,0)) -> 200 | J121: =H121*I121 -> 200 | K121: 30 | L121: =H121*K121 -> 30 | M121: =L121-J121 -> -170 | W121: =IF(B121="","",TEXT(B121,"mmm")) -> Jul
B122: 45855 | C122: زيت باكم - فرامل- حجم صغير | E122: cleint 4 | F122: قطع غيار | G122: كاش | H122: 1 | I122: =INDEX('حركة المخزن'!O:O,MATCH('تحليل مبيعات'!C122,'حركة المخزن'!B:B,0)) -> 200 | J122: =H122*I122 -> 200 | K122: 30 | L122: =H122*K122 -> 30 | M122: =L122-J122 -> -170 | W122: =IF(B122="","",TEXT(B122,"mmm")) -> Jul
B123: 45855 | C123: فانوس اشارة شوقى | E123: cleint 4 | F123: قطع غيار | G123: كاش | H123: 2 | I123: =INDEX('حركة المخزن'!O:O,MATCH('تحليل مبيعات'!C123,'حركة المخزن'!B:B,0)) -> 5 | J123: =H123*I123 -> 10 | K123: 280 | L123: =H123*K123 -> 560 | M123: =L123-J123 -> 550 | W123: =IF(B123="","",TEXT(B123,"mmm")) -> Jul
B124: 45855 | C124: فانوس كشاف شوقى | E124: cleint 4 | F124: قطع غيار | G124: كاش | H124: 2 | I124: =INDEX('حركة المخزن'!O:O,MATCH('تحليل مبيعات'!C124,'حركة المخزن'!B:B,0)) -> 5 | J124: =H124*I124 -> 10 | K124: 900 | L124: =H124*K124 -> 1800 | M124: =L124-J124 -> 1790 | W124: =IF(B124="","",TEXT(B124,"mmm")) -> Jul
B125: 45855 | C125: اكصدام خلفى | E125: cleint 4 | F125: قطع غيار | G125: كاش | H125: 1 | I125: =INDEX('حركة المخزن'!O:O,MATCH('تحليل مبيعات'!C125,'حركة المخزن'!B:B,0)) -> 8 | J125: =H125*I125 -> 8 | K125: 200 | L125: =H125*K125 -> 200 | M125: =L125-J125 -> 192 | W125: =IF(B125="","",TEXT(B125,"mmm")) -> Jul
B126: 45855 | C126: اكصدام امامى | E126: cleint 4 | F126: قطع غيار | G126: كاش | H126: 1 | I126: =INDEX('حركة المخزن'!O:O,MATCH('تحليل مبيعات'!C126,'حركة المخزن'!B:B,0)) -> 50 | J126: =H126*I126 -> 50 | K126: 550 | L126: =H126*K126 -> 550 | M126: =L126-J126 -> 500 | W126: =IF(B126="","",TEXT(B126,"mmm")) -> Jul
... B156: 45856 | C156: خبور كرنك | E156: cleint 4 | F156: قطع غيار | G156: كاش | H156: 2 | I156: =INDEX('حركة المخزن'!O:O,MATCH('تحليل مبيعات'!C156,'حركة المخزن'!B:B,0)) -> 160 | J156: =H156*I156 -> 320 | K156: 0 | L156: =H156*K156 -> 0 | M156: =L156-J156 -> -320 | W156: =IF(B156="","",TEXT(B156,"mmm")) -> Jul
B157: 45856 | C157: طقم جوان تويوتا | E157: Client 8 | F157: قطع غيار | G157: كاش | I157: =INDEX('حركة المخزن'!O:O,MATCH('تحليل مبيعات'!C157,'حركة المخزن'!B:B,0)) -> 100 | J157: =H157*I157 -> 0 | K157: 0 | L157: =H157*K157 -> 0 | M157: =L157-J157 -> 0 | W157: =IF(B157="","",TEXT(B157,"mmm")) -> Jul
B158: 45856 | C158: سير ديانمو | E158: Client 1 | F158: قطع غيار | G158: كاش | H158: 1 | I158: =INDEX('حركة المخزن'!O:O,MATCH('تحليل مبيعات'!C158,'حركة المخزن'!B:B,0)) -> 145 | J158: =H158*I158 -> 145 | K158: 150 | L158: =H158*K158 -> 150 | M158: =L158-J158 -> 5 | W158: =IF(B158="","",TEXT(B158,"mmm")) -> Jul
B159: 45856 | C159: سلك بوجيهات جان بى | E159: cleint 4 | F159: قطع غيار | G159: كاش | H159: 1 | I159: =INDEX('حركة المخزن'!O:O,MATCH('تحليل مبيعات'!C159,'حركة المخزن'!B:B,0)) -> 54 | J159: =H159*I159 -> 54 | K159: 270 | L159: =H159*K159 -> 270 | M159: =L159-J159 -> 216 | W159: =IF(B159="","",TEXT(B159,"mmm")) -> Jul
B160: 45856 | C160: NOZA ECO 15/185/65 كاوتش سومو اكينا صينى | E160: cleint 5 | F160: كاوتش | G160: كاش | H160: 4 | I160: =INDEX('حركة المخزن'!O:O,MATCH('تحليل مبيعات'!C160,'حركة المخزن'!B:B,0)) -> 100 | J160: =H160*I160 -> 400 | K160: 1850 | L160: =H160*K160 -> 7400 | M160: =L160-J160 -> 7000 | W160: =IF(B160="","",TEXT(B160,"mmm")) -> Jul
B161: 45856 | C161: بطارية كلورايد 70 | E161: client 6 | F161: بطارية | G161: كاش | H161: 1 | I161: =INDEX('حركة المخزن'!O:O,MATCH('تحليل مبيعات'!C161,'حركة المخزن'!B:B,0)) -> 370 | J161: =H161*I161 -> 370 | K161: 1600 | L161: =H161*K161 -> 1600 | M161: =L161-J161 -> 1230 | W161: =IF(B161="","",TEXT(B161,"mmm")) -> Jul
B162: 45856 | C162: بطارية كلورايد 70 | E162: client 6 | F162: بطارية | G162: كاش | H162: 1 | I162: =INDEX('حركة المخزن'!O:O,MATCH('تحليل مبيعات'!C162,'حركة المخزن'!B:B,0)) -> 370 | J162: =H162*I162 -> 370 | K162: 1750 | L162: =H162*K162 -> 1750 | M162: =L162-J162 -> 1380 | W162: =IF(B162="","",TEXT(B162,"mmm")) -> Jul
B163: 45857 | C163: خزنة فرامل عمومى | E163: cleint 4 | F163: قطع غيار | G163: كاش | H163: 1 | I163: =INDEX('حركة المخزن'!O:O,MATCH('تحليل مبيعات'!C163,'حركة المخزن'!B:B,0)) -> 70 | J163: =H163*I163 -> 70 | K163: 830 | L163: =H163*K163 -> 830 | M163: =L163-J163 -> 760 | W163: =IF(B163="","",TEXT(B163,"mmm")) -> Jul
B164: 45857 | C164: اكرة باب زجاج تويوتا 90 | E164: cleint 4 | F164: قطع غيار | G164: كاش | H164: 1 | I164: =INDEX('حركة المخزن'!O:O,MATCH('تحليل مبيعات'!C164,'حركة المخزن'!B:B,0)) -> 75 | J164: =H164*I164 -> 75 | K164: 30 | L164: =H164*K164 -> 30 | M164: =L164-J164 -> -45 | W164: =IF(B164="","",TEXT(B164,"mmm")) -> Jul
B165: 45857 | C165: خزنة فرامل عمومى | E165: cleint 4 | F165: قطع غيار | G165: كاش | H165: 1 | I165: =INDEX('حركة المخزن'!O:O,MATCH('تحليل مبيعات'!C165,'حركة المخزن'!B:B,0)) -> 70 | J165: =H165*I165 -> 70 | K165: 850 | L165: =H165*K165 -> 850 | M165: =L165-J165 -> 780 | W165: =IF(B165="","",TEXT(B165,"mmm")) -> Jul
B166: 45857 | C166: ديسك دبرياج تويوتا عالى يابانى | E166: cleint 4 | F166: قطع غيار | G166: كاش | H166: 1 | I166: =INDEX('حركة المخزن'!O:O,MATCH('تحليل مبيعات'!C166,'حركة المخزن'!B:B,0)) -> 80 | J166: =H166*I166 -> 80 | K166: 2000 | L166: =H166*K166 -> 2000 | M166: =L166-J166 -> 1920 | W166: =IF(B166="","",TEXT(B166,"mmm")) -> Jul
B167: 45857 | C167: جلب كامة تويوتا | E167: cleint 5 | F167: قطع غيار | G167: كاش | H167: 1 | I167: =INDEX('حركة المخزن'!O:O,MATCH('تحليل مبيعات'!C167,'حركة المخزن'!B:B,0)) -> 85 | J167: =H167*I167 -> 85 | K167: 300 | L167: =H167*K167 -> 300 | M167: =L167-J167 -> 215 | W167: =IF(B167="","",TEXT(B167,"mmm")) -> Jul
B168: 45857 | C168: طقم بستم تيوتا | E168: cleint 5 | F168: قطع غيار | G168: كاش | H168: 1 | I168: =INDEX('حركة المخزن'!O:O,MATCH('تحليل مبيعات'!C168,'حركة المخزن'!B:B,0)) -> 90 | J168: =H168*I168 -> 90 | K168: 1700 | L168: =H168*K168 -> 1700 | M168: =L168-J168 -> 1610 | W168: =IF(B168="","",TEXT(B168,"mmm")) -> Jul
B169: 45857 | C169: طقم جوان تويوتا | E169: cleint 5 | F169: قطع غيار | G169: كاش | H169: 1 | I169: =INDEX('حركة المخزن'!O:O,MATCH('تحليل مبيعات'!C169,'حركة المخزن'!B:B,0)) -> 100 | J169: =H169*I169 -> 100 | K169: 450 | L169: =H169*K169 -> 450 | M169: =L169-J169 -> 350 | W169: =IF(B169="","",TEXT(B169,"mmm")) -> Jul
... B275: 45862 | C275: بلية دبرياج عالية | E275: cleint 4 | F275: قطع غيار | G275: كاش | H275: 1 | I275: =INDEX('حركة المخزن'!O:O,MATCH('تحليل مبيعات'!C275,'حركة المخزن'!B:B,0)) -> 200 | J275: =H275*I275 -> 200 | K275: 220 | L275: =H275*K275 -> 220 | M275: =L275-J275 -> 20 | W275: =IF(B275="","",TEXT(B275,"mmm")) -> Jul
B276: 45862 | C276: طقم جوان تويوتا | E276: Client 8 | F276: قطع غيار | G276: كاش | I276: =INDEX('حركة المخزن'!O:O,MATCH('تحليل مبيعات'!C276,'حركة المخزن'!B:B,0)) -> 100 | J276: =H276*I276 -> 0 | K276: 0 | L276: =H276*K276 -> 0 | M276: =L276-J276 -> 0 | W276: =IF(B276="","",TEXT(B276,"mmm")) -> Jul
B277: 45862 | C277: فرش دبرياش | E277: Client 1 | F277: قطع غيار | G277: كاش | H277: 1 | I277: =INDEX('حركة المخزن'!O:O,MATCH('تحليل مبيعات'!C277,'حركة المخزن'!B:B,0)) -> 125 | J277: =H277*I277 -> 125 | K277: 150 | L277: =H277*K277 -> 150 | M277: =L277-J277 -> 25 | W277: =IF(B277="","",TEXT(B277,"mmm")) -> Jul
B278: 45862 | C278: جلبة مقص سفلى وسط | E278: cleint 5 | F278: قطع غيار | G278: كاش | H278: 2 | I278: =INDEX('حركة المخزن'!O:O,MATCH('تحليل مبيعات'!C278,'حركة المخزن'!B:B,0)) -> 225 | J278: =H278*I278 -> 450 | K278: 175 | L278: =H278*K278 -> 350 | M278: =L278-J278 -> -100 | W278: =IF(B278="","",TEXT(B278,"mmm")) -> Jul
B279: 45862 | C279: جلبة مقص علوى كبير | E279: cleint 5 | F279: قطع غيار | G279: كاش | H279: 2 | I279: =INDEX('حركة المخزن'!O:O,MATCH('تحليل مبيعات'!C279,'حركة المخزن'!B:B,0)) -> 230 | J279: =H279*I279 -> 460 | K279: 200 | L279: =H279*K279 -> 400 | M279: =L279-J279 -> -60 | W279: =IF(B279="","",TEXT(B279,"mmm")) -> Jul
B280: 45862 | C280: بيض علوى تويوتا | E280: cleint 5 | F280: قطع غيار | G280: كاش | H280: 2 | I280: =INDEX('حركة المخزن'!O:O,MATCH('تحليل مبيعات'!C280,'حركة المخزن'!B:B,0)) -> 235 | J280: =H280*I280 -> 470 | K280: 350 | L280: =H280*K280 -> 700 | M280: =L280-J280 -> 230 | W280: =IF(B280="","",TEXT(B280,"mmm")) -> Jul
B281: 45862 | C281: كاوتشة ميزان سوبر | E281: cleint 5 | F281: قطع غيار | G281: كاش | H281: 2 | I281: =INDEX('حركة المخزن'!O:O,MATCH('تحليل مبيعات'!C281,'حركة المخزن'!B:B,0)) -> 240 | J281: =H281*I281 -> 480 | K281: 50 | L281: =H281*K281 -> 100 | M281: =L281-J281 -> -380 | W281: =IF(B281="","",TEXT(B281,"mmm")) -> Jul
B282: 45862 | C282: طقم تيل امامى | E282: cleint 4 | F282: قطع غيار | G282: كاش | H282: 1 | I282: =INDEX('حركة المخزن'!O:O,MATCH('تحليل مبيعات'!C282,'حركة المخزن'!B:B,0)) -> 60 | J282: =H282*I282 -> 60 | K282: 350 | L282: =H282*K282 -> 350 | M282: =L282-J282 -> 290 | W282: =IF(B282="","",TEXT(B282,"mmm")) -> Jul
B283: 45862 | C283: اكسليرا 13/175/70 | E283: cleint 4 | F283: كاوتش | G283: كاش | H283: 2 | I283: =INDEX('حركة المخزن'!O:O,MATCH('تحليل مبيعات'!C283,'حركة المخزن'!B:B,0)) -> 100 | J283: =H283*I283 -> 200 | K283: 1800 | L283: =H283*K283 -> 3600 | M283: =L283-J283 -> 3400 | W283: =IF(B283="","",TEXT(B283,"mmm")) -> Jul
B284: 45862 | C284: بطارية كلورايد 70 ك | E284: cleint 5 | F284: بطارية | G284: كاش | H284: 1 | I284: =INDEX('حركة المخزن'!O:O,MATCH('تحليل مبيعات'!C284,'حركة المخزن'!B:B,0)) -> 380 | J284: =H284*I284 -> 380 | K284: 1750 | L284: =H284*K284 -> 1750 | M284: =L284-J284 -> 1370 | W284: =IF(B284="","",TEXT(B284,"mmm")) -> Jul
B285: 45863 | C285: بطارية كلورايد 70 الالمانية | E285: cleint 5 | F285: بطارية | G285: كاش | H285: 1 | I285: =INDEX('حركة المخزن'!O:O,MATCH('تحليل مبيعات'!C285,'حركة المخزن'!B:B,0)) -> 385 | J285: =H285*I285 -> 385 | K285: 2000 | L285: =H285*K285 -> 2000 | M285: =L285-J285 -> 1615 | W285: =IF(B285="","",TEXT(B285,"mmm")) -> Jul
B286: 45863 | C286: بطارية كلورايد 70 | E286: Client 7 | F286: بطارية | G286: كاش | H286: 1 | I286: =INDEX('حركة المخزن'!O:O,MATCH('تحليل مبيعات'!C286,'حركة المخزن'!B:B,0)) -> 370 | J286: =H286*I286 -> 370 | K286: 1700 | L286: =H286*K286 -> 1700 | M286: =L286-J286 -> 1330 | W286: =IF(B286="","",TEXT(B286,"mmm")) -> Jul
B287: 45863 | C287: طقم تيل امامى | E287: Client 1 | F287: قطع غيار | G287: كاش | H287: 1 | I287: =INDEX('حركة المخزن'!O:O,MATCH('تحليل مبيعات'!C287,'حركة المخزن'!B:B,0)) -> 60 | J287: =H287*I287 -> 60 | K287: 350 | L287: =H287*K287 -> 350 | M287: =L287-J287 -> 290 | W287: =IF(B287="","",TEXT(B287,"mmm")) -> Jul
B288: 45863 | C288: طقم تيل امامى | E288: cleint 4 | F288: قطع غيار | G288: كاش | H288: 1 | I288: =INDEX('حركة المخزن'!O:O,MATCH('تحليل مبيعات'!C288,'حركة المخزن'!B:B,0)) -> 60 | J288: =H288*I288 -> 60 | K288: 350 | L288: =H288*K288 -> 350 | M288: =L288-J288 -> 290 | W288: =IF(B288="","",TEXT(B288,"mmm")) -> Jul
... B425: 45870 | C425: بطارية كلورايد 70 فيلدا | E425: client 6 | F425: بطارية | G425: اجل | H425: 1 | I425: =INDEX('حركة المخزن'!O:O,MATCH('تحليل مبيعات'!C425,'حركة المخزن'!B:B,0)) -> 375 | J425: =H425*I425 -> 375 | K425: 1950 | L425: =H425*K425 -> 1950 | M425: =L425-J425 -> 1575 | W425: =IF(B425="","",TEXT(B425,"mmm")) -> Aug
W426: =IF(B426="","",TEXT(B426,"mmm"))
W427: =IF(B427="","",TEXT(B427,"mmm"))
W428: =IF(B428="","",TEXT(B428,"mmm"))
W429: =IF(B429="","",TEXT(B429,"mmm"))
W430: =IF(B430="","",TEXT(B430,"mmm"))
W431: =IF(B431="","",TEXT(B431,"mmm"))
W432: =IF(B432="","",TEXT(B432,"mmm"))
W433: =IF(B433="","",TEXT(B433,"mmm"))
W434: =IF(B434="","",TEXT(B434,"mmm"))
W435: =IF(B435="","",TEXT(B435,"mmm"))
W436: =IF(B436="","",TEXT(B436,"mmm"))
W437: =IF(B437="","",TEXT(B437,"mmm"))
... W926: =IF(B926="","",TEXT(B926,"mmm"))

Sheet نتائج الاعمال شهري
B5: الفترة | D5: اجمالي المبيعات | F5: اجمالي المشتريات | H5: اجمالي المصاريف | J5: اجمالي التحصيلات | L5: صافي الربح | N5: رصيد العملاء | P5: رصيد المخزن
B6: 2025 | D6: =D8+D10+D12+D14+D16+D18 -> 556855 | F6: =F8+F10+F12+F14+F16+F18 -> 0 | H6: =H8+H10+H12+H14+H16+H18 -> 0 | J6: =J8+J10+J12+J14+J16+J18 -> 0 | L6: =L8+L10+L12+L14+L16+L18 -> 0 | N6: =N8+N10+N12+N14+N16+N18 -> 0 | P6: =P8+P10+P12+P14+P16+P18 -> 0
B8: 7 | D8: 556855
B10: 8
B12: 9
B14: 10
B16: 11
B18: 12

Sheet قائمة عملاء - موردين
F1: يومي
F2: يوم بعد يوم
D3: عميل | E3: كاش | F3: اسبوعي
D4: مورد | E4: اجل | F4: شهري
B5: رقم العميل | C5: اسم العميل / المورد | D5: النوع | E5: تصنيف | F5: طريقة التحصيل
B6: 1 | C6: Clinet 1 | D6: عميل | E6: كاش
B7: 2 | C7: Clinet 2 | D7: عميل | E7: كاش
B8: 3 | C8: Client 3 | D8: عميل | E8: كاش
B9: 4 | C9: Client 4 | D9: عميل | E9: كاش
B10: 5 | C10: Client 5 | D10: عميل | E10: كاش
B11: 6 | C11: Client 6 | D11: عميل | E11: كاش
B12: 7 | C12: Client 7 | D12: عميل | E12: كاش
B13: 8 | C13: Client 8 | D13: عميل | E13: كاش
B14: 9 | C14: Client 9 | D14: عميل | E14: كاش
B15: 10 | C15: Client 10 | D15: عميل | E15: كاش
B16: 11 | C16: Client 11 | D16: عميل | E16: كاش
B17: 12 | C17: Client 12 | D17: عميل | E17: كاش
... B51: 46 | C51: Client 46 | D51: شريك | E51: شريك
B52: 47
B53: 48
B54: 49
B55: 50
B56: 51
B57: 52
B58: 53
B59: 54
B60: 55
B61: 56
B62: 57
B63: 58
... B305: 300
